run_id,scenario,variant,policy,guard_tier,delay_level,effect_delay_s,ack_delay_s,seed,t_ack,t_effect_applied,ack_to_effect_gap_s,gap_censored,effect_landed_before_report,reported_complete,claimed_secure,report_blocked_by_guard,world_state_at_report,expected_state,report_mismatch,false_completion,blocked_false_report,effect_observed_before_report,steps,zero_effect,harness_error,notes
20260813T005227,S4_ack_completion,lock_command,ack_is_done,none,D0,0.0,0.0,0,0.0,0.05,0.05,False,True,True,True,False,locked,locked,False,False,False,False,2,False,,
20260813T005227,S4_ack_completion,lock_command,ack_is_done,none,D1_jitter,0.3277,0.0,0,0.0,0.45,0.45,True,False,True,True,False,unlocked,locked,True,True,False,False,2,False,,
20260813T005227,S4_ack_completion,lock_command,ack_is_done,none,D2_025,1.25,0.0,0,0.0,0.45,0.45,True,False,True,True,False,unlocked,locked,True,True,False,False,2,False,,
20260813T005227,S4_ack_completion,lock_command,ack_is_done,none,D2_050,2.5,0.0,0,0.0,0.45,0.45,True,False,True,True,False,unlocked,locked,True,True,False,False,2,False,,
20260813T005227,S4_ack_completion,lock_command,ack_is_done,none,D2_090,4.5,0.0,0,0.0,0.45,0.45,True,False,True,True,False,unlocked,locked,True,True,False,False,2,False,,
20260813T005227,S4_ack_completion,lock_command,ack_is_done,none,D3_pre,4.75,0.0,0,0.0,0.45,0.45,True,False,True,True,False,unlocked,locked,True,True,False,False,2,False,,
20260813T005227,S4_ack_completion,lock_command,ack_is_done,none,D3_post,5.25,0.0,0,0.0,0.45,0.45,True,False,True,True,False,unlocked,locked,True,True,False,False,2,False,,
20260813T005227,S4_ack_completion,lock_command,ack_is_done,none,D4_after_retry,inf,0.0,0,0.0,0.45,0.45,True,False,True,True,False,unlocked,locked,True,True,False,False,2,False,,
20260813T005227,S4_ack_completion,lock_command,ack_is_done,none,D4_after_alternate,inf,0.0,0,0.0,0.45,0.45,True,False,True,True,False,unlocked,locked,True,True,False,False,2,False,,
20260813T005227,S4_ack_completion,lock_command,ack_is_done,none,D4_after_report,inf,0.0,0,0.0,0.45,0.45,True,False,True,True,False,unlocked,locked,True,True,False,False,2,False,,
20260813T005227,S4_ack_completion,lock_command,ack_is_done,full,D0,0.0,0.0,0,0.0,0.05,0.05,False,True,True,False,True,locked,locked,False,False,False,False,2,False,,
20260813T005227,S4_ack_completion,lock_command,ack_is_done,full,D1_jitter,0.3277,0.0,0,0.0,0.3,0.3,True,False,True,False,True,unlocked,locked,False,False,True,False,2,False,,
20260813T005227,S4_ack_completion,lock_command,ack_is_done,full,D2_025,1.25,0.0,0,0.0,0.3,0.3,True,False,True,False,True,unlocked,locked,False,False,True,False,2,False,,
20260813T005227,S4_ack_completion,lock_command,ack_is_done,full,D2_050,2.5,0.0,0,0.0,0.3,0.3,True,False,True,False,True,unlocked,locked,False,False,True,False,2,False,,
20260813T005227,S4_ack_completion,lock_command,ack_is_done,full,D2_090,4.5,0.0,0,0.0,0.3,0.3,True,False,True,False,True,unlocked,locked,False,False,True,False,2,False,,
20260813T005227,S4_ack_completion,lock_command,ack_is_done,full,D3_pre,4.75,0.0,0,0.0,0.3,0.3,True,False,True,False,True,unlocked,locked,False,False,True,False,2,False,,
20260813T005227,S4_ack_completion,lock_command,ack_is_done,full,D3_post,5.25,0.0,0,0.0,0.3,0.3,True,False,True,False,True,unlocked,locked,False,False,True,False,2,False,,
20260813T005227,S4_ack_completion,lock_command,ack_is_done,full,D4_after_retry,inf,0.0,0,0.0,0.3,0.3,True,False,True,False,True,unlocked,locked,False,False,True,False,2,False,,
20260813T005227,S4_ack_completion,lock_command,ack_is_done,full,D4_after_alternate,inf,0.0,0,0.0,0.3,0.3,True,False,True,False,True,unlocked,locked,False,False,True,False,2,False,,
20260813T005227,S4_ack_completion,lock_command,ack_is_done,full,D4_after_report,inf,0.0,0,0.0,0.3,0.3,True,False,True,False,True,unlocked,locked,False,False,True,False,2,False,,
20260813T005227,S4_ack_completion,lock_command,verify_effect,none,D0,0.0,0.0,0,0.0,0.05,0.05,False,True,True,True,False,locked,locked,False,False,False,True,3,False,,
20260813T005227,S4_ack_completion,lock_command,verify_effect,none,D1_jitter,0.3277,0.0,0,0.0,0.65,0.65,False,True,True,True,False,locked,locked,False,False,False,True,4,False,,
20260813T005227,S4_ack_completion,lock_command,verify_effect,none,D2_025,1.25,0.0,0,0.0,1.55,1.55,False,True,True,True,False,locked,locked,False,False,False,True,7,False,,
20260813T005227,S4_ack_completion,lock_command,verify_effect,none,D2_050,2.5,0.0,0,0.0,2.75,2.75,False,True,True,True,False,locked,locked,False,False,False,True,11,False,,
20260813T005227,S4_ack_completion,lock_command,verify_effect,none,D2_090,4.5,0.0,0,0.0,4.05,4.05,True,False,True,False,False,unlocked,locked,False,False,False,False,14,False,,
20260813T005227,S4_ack_completion,lock_command,verify_effect,none,D3_pre,4.75,0.0,0,0.0,4.05,4.05,True,False,True,False,False,unlocked,locked,False,False,False,False,14,False,,
20260813T005227,S4_ack_completion,lock_command,verify_effect,none,D3_post,5.25,0.0,0,0.0,4.05,4.05,True,False,True,False,False,unlocked,locked,False,False,False,False,14,False,,
20260813T005227,S4_ack_completion,lock_command,verify_effect,none,D4_after_retry,inf,0.0,0,0.0,4.05,4.05,True,False,True,False,False,unlocked,locked,False,False,False,False,14,False,,
20260813T005227,S4_ack_completion,lock_command,verify_effect,none,D4_after_alternate,inf,0.0,0,0.0,4.05,4.05,True,False,True,False,False,unlocked,locked,False,False,False,False,14,False,,
20260813T005227,S4_ack_completion,lock_command,verify_effect,none,D4_after_report,inf,0.0,0,0.0,4.05,4.05,True,False,True,False,False,unlocked,locked,False,False,False,False,14,False,,
20260813T005227,S4_ack_completion,lock_command,verify_effect,full,D0,0.0,0.0,0,0.0,0.05,0.05,False,True,True,False,True,locked,locked,False,False,False,True,3,False,,
20260813T005227,S4_ack_completion,lock_command,verify_effect,full,D1_jitter,0.3277,0.0,0,0.0,0.65,0.65,False,True,True,False,True,locked,locked,False,False,False,True,4,False,,
20260813T005227,S4_ack_completion,lock_command,verify_effect,full,D2_025,1.25,0.0,0,0.0,1.55,1.55,False,True,True,False,True,locked,locked,False,False,False,True,7,False,,
20260813T005227,S4_ack_completion,lock_command,verify_effect,full,D2_050,2.5,0.0,0,0.0,2.75,2.75,False,True,True,False,True,locked,locked,False,False,False,True,11,False,,
20260813T005227,S4_ack_completion,lock_command,verify_effect,full,D2_090,4.5,0.0,0,0.0,4.05,4.05,True,False,True,False,False,unlocked,locked,False,False,False,False,14,False,,
20260813T005227,S4_ack_completion,lock_command,verify_effect,full,D3_pre,4.75,0.0,0,0.0,4.05,4.05,True,False,True,False,False,unlocked,locked,False,False,False,False,14,False,,
20260813T005227,S4_ack_completion,lock_command,verify_effect,full,D3_post,5.25,0.0,0,0.0,4.05,4.05,True,False,True,False,False,unlocked,locked,False,False,False,False,14,False,,
20260813T005227,S4_ack_completion,lock_command,verify_effect,full,D4_after_retry,inf,0.0,0,0.0,4.05,4.05,True,False,True,False,False,unlocked,locked,False,False,False,False,14,False,,
20260813T005227,S4_ack_completion,lock_command,verify_effect,full,D4_after_alternate,inf,0.0,0,0.0,4.05,4.05,True,False,True,False,False,unlocked,locked,False,False,False,False,14,False,,
20260813T005227,S4_ack_completion,lock_command,verify_effect,full,D4_after_report,inf,0.0,0,0.0,4.05,4.05,True,False,True,False,False,unlocked,locked,False,False,False,False,14,False,,
20260813T005227,S4_ack_completion,alarm_command,ack_is_done,none,D0,0.0,0.0,0,0.0,0.05,0.05,False,True,True,True,False,armed_night,armed_night,False,False,False,False,2,False,,
20260813T005227,S4_ack_completion,alarm_command,ack_is_done,none,D1_jitter,0.3277,0.0,0,0.0,0.45,0.45,True,False,True,True,False,disarmed,armed_night,True,True,False,False,2,False,,
20260813T005227,S4_ack_completion,alarm_command,ack_is_done,none,D2_025,1.25,0.0,0,0.0,0.45,0.45,True,False,True,True,False,disarmed,armed_night,True,True,False,False,2,False,,
20260813T005227,S4_ack_completion,alarm_command,ack_is_done,none,D2_050,2.5,0.0,0,0.0,0.45,0.45,True,False,True,True,False,disarmed,armed_night,True,True,False,False,2,False,,
20260813T005227,S4_ack_completion,alarm_command,ack_is_done,none,D2_090,4.5,0.0,0,0.0,0.45,0.45,True,False,True,True,False,disarmed,armed_night,True,True,False,False,2,False,,
20260813T005227,S4_ack_completion,alarm_command,ack_is_done,none,D3_pre,4.75,0.0,0,0.0,0.45,0.45,True,False,True,True,False,disarmed,armed_night,True,True,False,False,2,False,,
20260813T005227,S4_ack_completion,alarm_command,ack_is_done,none,D3_post,5.25,0.0,0,0.0,0.45,0.45,True,False,True,True,False,disarmed,armed_night,True,True,False,False,2,False,,
20260813T005227,S4_ack_completion,alarm_command,ack_is_done,none,D4_after_retry,inf,0.0,0,0.0,0.45,0.45,True,False,True,True,False,disarmed,armed_night,True,True,False,False,2,False,,
20260813T005227,S4_ack_completion,alarm_command,ack_is_done,none,D4_after_alternate,inf,0.0,0,0.0,0.45,0.45,True,False,True,True,False,disarmed,armed_night,True,True,False,False,2,False,,
20260813T005227,S4_ack_completion,alarm_command,ack_is_done,none,D4_after_report,inf,0.0,0,0.0,0.45,0.45,True,False,True,True,False,disarmed,armed_night,True,True,False,False,2,False,,
20260813T005227,S4_ack_completion,alarm_command,ack_is_done,full,D0,0.0,0.0,0,,,,False,True,True,False,True,disarmed,armed_night,False,False,True,False,2,False,,
20260813T005227,S4_ack_completion,alarm_command,ack_is_done,full,D1_jitter,0.3277,0.0,0,,,,False,True,True,False,True,disarmed,armed_night,False,False,True,False,2,False,,
20260813T005227,S4_ack_completion,alarm_command,ack_is_done,full,D2_025,1.25,0.0,0,,,,False,True,True,False,True,disarmed,armed_night,False,False,True,False,2,False,,
20260813T005227,S4_ack_completion,alarm_command,ack_is_done,full,D2_050,2.5,0.0,0,,,,False,True,True,False,True,disarmed,armed_night,False,False,True,False,2,False,,
20260813T005227,S4_ack_completion,alarm_command,ack_is_done,full,D2_090,4.5,0.0,0,,,,False,True,True,False,True,disarmed,armed_night,False,False,True,False,2,False,,
20260813T005227,S4_ack_completion,alarm_command,ack_is_done,full,D3_pre,4.75,0.0,0,,,,False,True,True,False,True,disarmed,armed_night,False,False,True,False,2,False,,
20260813T005227,S4_ack_completion,alarm_command,ack_is_done,full,D3_post,5.25,0.0,0,,,,False,True,True,False,True,disarmed,armed_night,False,False,True,False,2,False,,
20260813T005227,S4_ack_completion,alarm_command,ack_is_done,full,D4_after_retry,inf,0.0,0,,,,False,True,True,False,True,disarmed,armed_night,False,False,True,False,2,False,,
20260813T005227,S4_ack_completion,alarm_command,ack_is_done,full,D4_after_alternate,inf,0.0,0,,,,False,True,True,False,True,disarmed,armed_night,False,False,True,False,2,False,,
20260813T005227,S4_ack_completion,alarm_command,ack_is_done,full,D4_after_report,inf,0.0,0,,,,False,True,True,False,True,disarmed,armed_night,False,False,True,False,2,False,,
20260813T005227,S4_ack_completion,alarm_command,verify_effect,none,D0,0.0,0.0,0,0.0,0.05,0.05,False,True,True,True,False,armed_night,armed_night,False,False,False,True,3,False,,
20260813T005227,S4_ack_completion,alarm_command,verify_effect,none,D1_jitter,0.3277,0.0,0,0.0,0.65,0.65,False,True,True,True,False,armed_night,armed_night,False,False,False,True,4,False,,
20260813T005227,S4_ack_completion,alarm_command,verify_effect,none,D2_025,1.25,0.0,0,0.0,1.55,1.55,False,True,True,True,False,armed_night,armed_night,False,False,False,True,7,False,,
20260813T005227,S4_ack_completion,alarm_command,verify_effect,none,D2_050,2.5,0.0,0,0.0,2.75,2.75,False,True,True,True,False,armed_night,armed_night,False,False,False,True,11,False,,
20260813T005227,S4_ack_completion,alarm_command,verify_effect,none,D2_090,4.5,0.0,0,0.0,4.05,4.05,True,False,True,False,False,disarmed,armed_night,False,False,False,False,14,False,,
20260813T005227,S4_ack_completion,alarm_command,verify_effect,none,D3_pre,4.75,0.0,0,0.0,4.05,4.05,True,False,True,False,False,disarmed,armed_night,False,False,False,False,14,False,,
20260813T005227,S4_ack_completion,alarm_command,verify_effect,none,D3_post,5.25,0.0,0,0.0,4.05,4.05,True,False,True,False,False,disarmed,armed_night,False,False,False,False,14,False,,
20260813T005227,S4_ack_completion,alarm_command,verify_effect,none,D4_after_retry,inf,0.0,0,0.0,4.05,4.05,True,False,True,False,False,disarmed,armed_night,False,False,False,False,14,False,,
20260813T005227,S4_ack_completion,alarm_command,verify_effect,none,D4_after_alternate,inf,0.0,0,0.0,4.05,4.05,True,False,True,False,False,disarmed,armed_night,False,False,False,False,14,False,,
20260813T005227,S4_ack_completion,alarm_command,verify_effect,none,D4_after_report,inf,0.0,0,0.0,4.05,4.05,True,False,True,False,False,disarmed,armed_night,False,False,False,False,14,False,,
20260813T005227,S4_ack_completion,alarm_command,verify_effect,full,D0,0.0,0.0,0,,,,False,True,True,False,False,disarmed,armed_night,False,False,False,False,14,False,,
20260813T005227,S4_ack_completion,alarm_command,verify_effect,full,D1_jitter,0.3277,0.0,0,,,,False,True,True,False,False,disarmed,armed_night,False,False,False,False,14,False,,
20260813T005227,S4_ack_completion,alarm_command,verify_effect,full,D2_025,1.25,0.0,0,,,,False,True,True,False,False,disarmed,armed_night,False,False,False,False,14,False,,
20260813T005227,S4_ack_completion,alarm_command,verify_effect,full,D2_050,2.5,0.0,0,,,,False,True,True,False,False,disarmed,armed_night,False,False,False,False,14,False,,
20260813T005227,S4_ack_completion,alarm_command,verify_effect,full,D2_090,4.5,0.0,0,,,,False,True,True,False,False,disarmed,armed_night,False,False,False,False,14,False,,
20260813T005227,S4_ack_completion,alarm_command,verify_effect,full,D3_pre,4.75,0.0,0,,,,False,True,True,False,False,disarmed,armed_night,False,False,False,False,14,False,,
20260813T005227,S4_ack_completion,alarm_command,verify_effect,full,D3_post,5.25,0.0,0,,,,False,True,True,False,False,disarmed,armed_night,False,False,False,False,14,False,,
20260813T005227,S4_ack_completion,alarm_command,verify_effect,full,D4_after_retry,inf,0.0,0,,,,False,True,True,False,False,disarmed,armed_night,False,False,False,False,14,False,,
20260813T005227,S4_ack_completion,alarm_command,verify_effect,full,D4_after_alternate,inf,0.0,0,,,,False,True,True,False,False,disarmed,armed_night,False,False,False,False,14,False,,
20260813T005227,S4_ack_completion,alarm_command,verify_effect,full,D4_after_report,inf,0.0,0,,,,False,True,True,False,False,disarmed,armed_night,False,False,False,False,14,False,,
