mode,deliberation_s,heartbeat_s,observe_age_s,benign_false_block,attack_violation,verdict
challenge,0.0,0.25,0.05,0,1,REOPENED
challenge,0.2,0.25,0.05,0,1,REOPENED
challenge,0.5,0.25,0.05,1,0,false-block
challenge,1.0,0.25,0.05,1,0,false-block
challenge,3.0,0.25,0.05,1,0,false-block
challenge,10.0,0.25,0.05,1,0,false-block
anchored,0.0,0.25,0.05,0,1,REOPENED
anchored,0.2,0.25,0.05,0,1,REOPENED
anchored,0.5,0.25,0.05,0,1,REOPENED
anchored,1.0,0.25,0.05,0,1,REOPENED
anchored,3.0,0.25,0.05,0,1,REOPENED
anchored,10.0,0.25,0.05,0,1,REOPENED
activepoll,0.0,0.25,0.05,0,0,SAFE+USABLE
activepoll,0.2,0.25,0.05,0,0,SAFE+USABLE
activepoll,0.5,0.25,0.05,0,0,SAFE+USABLE
activepoll,1.0,0.25,0.05,0,0,SAFE+USABLE
activepoll,3.0,0.25,0.05,0,0,SAFE+USABLE
activepoll,10.0,0.25,0.05,0,0,SAFE+USABLE
