defense,position,hold_s,admitted,residual
none,P-A0_device_to_hub,5.0,1,1
none,P-A1_in_hub,5.0,1,1
none,P-B_hub_to_agent,5.0,1,1
none,P-A0_device_to_hub,27.0,1,1
none,P-A1_in_hub,27.0,1,1
none,P-B_hub_to_agent,27.0,1,1
none,P-A0_device_to_hub,60.0,1,1
none,P-A1_in_hub,60.0,1,1
none,P-B_hub_to_agent,60.0,1,1
none,P-A0_device_to_hub,600.0,1,1
none,P-A1_in_hub,600.0,1,1
none,P-B_hub_to_agent,600.0,1,1
receiver_max_age,P-A0_device_to_hub,5.0,1,1
receiver_max_age,P-A1_in_hub,5.0,1,1
receiver_max_age,P-B_hub_to_agent,5.0,1,1
receiver_max_age,P-A0_device_to_hub,27.0,1,1
receiver_max_age,P-A1_in_hub,27.0,1,1
receiver_max_age,P-B_hub_to_agent,27.0,1,1
receiver_max_age,P-A0_device_to_hub,60.0,1,1
receiver_max_age,P-A1_in_hub,60.0,1,1
receiver_max_age,P-B_hub_to_agent,60.0,0,0
receiver_max_age,P-A0_device_to_hub,600.0,1,1
receiver_max_age,P-A1_in_hub,600.0,1,1
receiver_max_age,P-B_hub_to_agent,600.0,0,0
reevaluate_conditions,P-A0_device_to_hub,5.0,1,1
reevaluate_conditions,P-A1_in_hub,5.0,1,1
reevaluate_conditions,P-B_hub_to_agent,5.0,1,1
reevaluate_conditions,P-A0_device_to_hub,27.0,1,1
reevaluate_conditions,P-A1_in_hub,27.0,1,1
reevaluate_conditions,P-B_hub_to_agent,27.0,1,1
reevaluate_conditions,P-A0_device_to_hub,60.0,1,1
reevaluate_conditions,P-A1_in_hub,60.0,1,1
reevaluate_conditions,P-B_hub_to_agent,60.0,1,1
reevaluate_conditions,P-A0_device_to_hub,600.0,1,1
reevaluate_conditions,P-A1_in_hub,600.0,1,1
reevaluate_conditions,P-B_hub_to_agent,600.0,1,1
target_versioning,P-A0_device_to_hub,5.0,1,1
target_versioning,P-A1_in_hub,5.0,1,1
target_versioning,P-B_hub_to_agent,5.0,1,1
target_versioning,P-A0_device_to_hub,27.0,1,1
target_versioning,P-A1_in_hub,27.0,1,1
target_versioning,P-B_hub_to_agent,27.0,1,1
target_versioning,P-A0_device_to_hub,60.0,1,1
target_versioning,P-A1_in_hub,60.0,1,1
target_versioning,P-B_hub_to_agent,60.0,1,1
target_versioning,P-A0_device_to_hub,600.0,1,1
target_versioning,P-A1_in_hub,600.0,1,1
target_versioning,P-B_hub_to_agent,600.0,1,1
Lite,P-A0_device_to_hub,5.0,1,1
Lite,P-A1_in_hub,5.0,1,1
Lite,P-B_hub_to_agent,5.0,1,1
Lite,P-A0_device_to_hub,27.0,1,1
Lite,P-A1_in_hub,27.0,1,1
Lite,P-B_hub_to_agent,27.0,1,1
Lite,P-A0_device_to_hub,60.0,1,1
Lite,P-A1_in_hub,60.0,1,1
Lite,P-B_hub_to_agent,60.0,0,0
Lite,P-A0_device_to_hub,600.0,1,1
Lite,P-A1_in_hub,600.0,1,1
Lite,P-B_hub_to_agent,600.0,0,0
Counter,P-A0_device_to_hub,5.0,0,0
Counter,P-A1_in_hub,5.0,0,0
Counter,P-B_hub_to_agent,5.0,0,0
Counter,P-A0_device_to_hub,27.0,0,0
Counter,P-A1_in_hub,27.0,0,0
Counter,P-B_hub_to_agent,27.0,0,0
Counter,P-A0_device_to_hub,60.0,0,0
Counter,P-A1_in_hub,60.0,0,0
Counter,P-B_hub_to_agent,60.0,0,0
Counter,P-A0_device_to_hub,600.0,0,0
Counter,P-A1_in_hub,600.0,0,0
Counter,P-B_hub_to_agent,600.0,0,0
Attested,P-A0_device_to_hub,5.0,1,1
Attested,P-A1_in_hub,5.0,1,1
Attested,P-B_hub_to_agent,5.0,1,1
Attested,P-A0_device_to_hub,27.0,1,1
Attested,P-A1_in_hub,27.0,1,1
Attested,P-B_hub_to_agent,27.0,1,1
Attested,P-A0_device_to_hub,60.0,0,0
Attested,P-A1_in_hub,60.0,0,0
Attested,P-B_hub_to_agent,60.0,0,0
Attested,P-A0_device_to_hub,600.0,0,0
Attested,P-A1_in_hub,600.0,0,0
Attested,P-B_hub_to_agent,600.0,0,0
