kind,preserialized,trial,entity,t_write,event_types,rest_last_reported,rest_advanced,template_last_reported,template_advanced,ws_get_last_reported,ws_get_advanced,ws_event_last_reported,ws_event_advanced
same,True,0,sensor.readpath_probe,1790313931.802,none,2026-09-25T05:25:04.718420+00:00,False,2026-09-25T05:25:31.816933+00:00,True,2026-09-25T05:25:04.718420+00:00,False,,False
same,True,1,sensor.readpath_probe,1790313935.325,none,2026-09-25T05:25:04.718420+00:00,False,2026-09-25T05:25:35.346291+00:00,True,2026-09-25T05:25:04.718420+00:00,False,,False
same,True,2,sensor.readpath_probe,1790313938.783,none,2026-09-25T05:25:04.718420+00:00,False,2026-09-25T05:25:38.785075+00:00,True,2026-09-25T05:25:04.718420+00:00,False,,False
same,True,3,sensor.readpath_probe,1790313942.228,none,2026-09-25T05:25:04.718420+00:00,False,2026-09-25T05:25:42.231763+00:00,True,2026-09-25T05:25:04.718420+00:00,False,,False
same,True,4,sensor.readpath_probe,1790313945.662,none,2026-09-25T05:25:04.718420+00:00,False,2026-09-25T05:25:45.693762+00:00,True,2026-09-25T05:25:04.718420+00:00,False,,False
same,True,5,sensor.readpath_probe,1790313949.157,none,2026-09-25T05:25:04.718420+00:00,False,2026-09-25T05:25:49.157471+00:00,True,2026-09-25T05:25:04.718420+00:00,False,,False
same,True,6,sensor.readpath_probe,1790313952.616,none,2026-09-25T05:25:04.718420+00:00,False,2026-09-25T05:25:52.618435+00:00,True,2026-09-25T05:25:04.718420+00:00,False,,False
same,True,7,sensor.readpath_probe,1790313956.053,none,2026-09-25T05:25:04.718420+00:00,False,2026-09-25T05:25:56.059334+00:00,True,2026-09-25T05:25:04.718420+00:00,False,,False
same,True,8,sensor.readpath_probe,1790313959.501,none,2026-09-25T05:25:04.718420+00:00,False,2026-09-25T05:25:59.504700+00:00,True,2026-09-25T05:25:04.718420+00:00,False,,False
same,True,9,sensor.readpath_probe,1790313962.956,none,2026-09-25T05:25:04.718420+00:00,False,2026-09-25T05:26:02.964823+00:00,True,2026-09-25T05:25:04.718420+00:00,False,,False
same,True,10,sensor.readpath_probe,1790313966.405,none,2026-09-25T05:25:04.718420+00:00,False,2026-09-25T05:26:06.407552+00:00,True,2026-09-25T05:25:04.718420+00:00,False,,False
same,True,11,sensor.readpath_probe,1790313969.862,none,2026-09-25T05:25:04.718420+00:00,False,2026-09-25T05:26:09.860502+00:00,True,2026-09-25T05:25:04.718420+00:00,False,,False
same,True,12,sensor.readpath_probe,1790313973.282,none,2026-09-25T05:25:04.718420+00:00,False,2026-09-25T05:26:13.297625+00:00,True,2026-09-25T05:25:04.718420+00:00,False,,False
same,True,13,sensor.readpath_probe,1790313976.748,none,2026-09-25T05:25:04.718420+00:00,False,2026-09-25T05:26:16.748202+00:00,True,2026-09-25T05:25:04.718420+00:00,False,,False
same,True,14,sensor.readpath_probe,1790313980.188,none,2026-09-25T05:25:04.718420+00:00,False,2026-09-25T05:26:20.196536+00:00,True,2026-09-25T05:25:04.718420+00:00,False,,False
same,True,15,sensor.readpath_probe,1790313983.638,none,2026-09-25T05:25:04.718420+00:00,False,2026-09-25T05:26:23.645052+00:00,True,2026-09-25T05:25:04.718420+00:00,False,,False
same,True,16,sensor.readpath_probe,1790313987.099,none,2026-09-25T05:25:04.718420+00:00,False,2026-09-25T05:26:27.096026+00:00,True,2026-09-25T05:25:04.718420+00:00,False,,False
same,True,17,sensor.readpath_probe,1790313990.538,none,2026-09-25T05:25:04.718420+00:00,False,2026-09-25T05:26:30.538058+00:00,True,2026-09-25T05:25:04.718420+00:00,False,,False
same,True,18,sensor.readpath_probe,1790313993.98,none,2026-09-25T05:25:04.718420+00:00,False,2026-09-25T05:26:33.987498+00:00,True,2026-09-25T05:25:04.718420+00:00,False,,False
same,True,19,sensor.readpath_probe,1790313997.43,none,2026-09-25T05:25:04.718420+00:00,False,2026-09-25T05:26:37.432919+00:00,True,2026-09-25T05:25:04.718420+00:00,False,,False
same,False,0,sensor.readpath_probe,1790314000.863,none,2026-09-25T05:25:04.718420+00:00,False,2026-09-25T05:26:40.871005+00:00,True,2026-09-25T05:25:04.718420+00:00,False,,False
same,False,1,sensor.readpath_probe,1790314004.299,none,2026-09-25T05:25:04.718420+00:00,False,2026-09-25T05:26:44.307242+00:00,True,2026-09-25T05:25:04.718420+00:00,False,,False
same,False,2,sensor.readpath_probe,1790314007.794,none,2026-09-25T05:25:04.718420+00:00,False,2026-09-25T05:26:47.801868+00:00,True,2026-09-25T05:25:04.718420+00:00,False,,False
same,False,3,sensor.readpath_probe,1790314011.247,none,2026-09-25T05:25:04.718420+00:00,False,2026-09-25T05:26:51.256081+00:00,True,2026-09-25T05:25:04.718420+00:00,False,,False
same,False,4,sensor.readpath_probe,1790314014.694,none,2026-09-25T05:25:04.718420+00:00,False,2026-09-25T05:26:54.702039+00:00,True,2026-09-25T05:25:04.718420+00:00,False,,False
same,False,5,sensor.readpath_probe,1790314018.126,none,2026-09-25T05:25:04.718420+00:00,False,2026-09-25T05:26:58.125279+00:00,True,2026-09-25T05:25:04.718420+00:00,False,,False
same,False,6,sensor.readpath_probe,1790314021.571,none,2026-09-25T05:25:04.718420+00:00,False,2026-09-25T05:27:01.577886+00:00,True,2026-09-25T05:25:04.718420+00:00,False,,False
same,False,7,sensor.readpath_probe,1790314025.056,none,2026-09-25T05:25:04.718420+00:00,False,2026-09-25T05:27:05.073622+00:00,True,2026-09-25T05:25:04.718420+00:00,False,,False
same,False,8,sensor.readpath_probe,1790314028.507,none,2026-09-25T05:25:04.718420+00:00,False,2026-09-25T05:27:08.542986+00:00,True,2026-09-25T05:25:04.718420+00:00,False,,False
same,False,9,sensor.readpath_probe,1790314031.973,none,2026-09-25T05:25:04.718420+00:00,False,2026-09-25T05:27:11.989851+00:00,True,2026-09-25T05:25:04.718420+00:00,False,,False
same,False,10,sensor.readpath_probe,1790314035.415,none,2026-09-25T05:25:04.718420+00:00,False,2026-09-25T05:27:15.427083+00:00,True,2026-09-25T05:25:04.718420+00:00,False,,False
same,False,11,sensor.readpath_probe,1790314038.854,none,2026-09-25T05:25:04.718420+00:00,False,2026-09-25T05:27:18.871881+00:00,True,2026-09-25T05:25:04.718420+00:00,False,,False
same,False,12,sensor.readpath_probe,1790314042.297,none,2026-09-25T05:25:04.718420+00:00,False,2026-09-25T05:27:22.319226+00:00,True,2026-09-25T05:25:04.718420+00:00,False,,False
same,False,13,sensor.readpath_probe,1790314045.75,none,2026-09-25T05:25:04.718420+00:00,False,2026-09-25T05:27:25.765377+00:00,True,2026-09-25T05:25:04.718420+00:00,False,,False
same,False,14,sensor.readpath_probe,1790314049.197,none,2026-09-25T05:25:04.718420+00:00,False,2026-09-25T05:27:29.203140+00:00,True,2026-09-25T05:25:04.718420+00:00,False,,False
same,False,15,sensor.readpath_probe,1790314052.626,none,2026-09-25T05:25:04.718420+00:00,False,2026-09-25T05:27:32.629603+00:00,True,2026-09-25T05:25:04.718420+00:00,False,,False
same,False,16,sensor.readpath_probe,1790314056.088,none,2026-09-25T05:25:04.718420+00:00,False,2026-09-25T05:27:36.090307+00:00,True,2026-09-25T05:25:04.718420+00:00,False,,False
same,False,17,sensor.readpath_probe,1790314059.527,none,2026-09-25T05:25:04.718420+00:00,False,2026-09-25T05:27:39.525859+00:00,True,2026-09-25T05:25:04.718420+00:00,False,,False
same,False,18,sensor.readpath_probe,1790314062.966,none,2026-09-25T05:25:04.718420+00:00,False,2026-09-25T05:27:42.966368+00:00,True,2026-09-25T05:25:04.718420+00:00,False,,False
same,False,19,sensor.readpath_probe,1790314066.434,none,2026-09-25T05:25:04.718420+00:00,False,2026-09-25T05:27:46.446502+00:00,True,2026-09-25T05:25:04.718420+00:00,False,,False
same_force,True,0,sensor.readpath_probe,1790314069.917,state_changed,2026-09-25T05:27:49.914465+00:00,True,2026-09-25T05:27:49.914465+00:00,True,2026-09-25T05:27:49.914465+00:00,True,2026-09-25T05:27:49.914465+00:00,True
same_force,True,1,sensor.readpath_probe,1790314073.375,state_changed,2026-09-25T05:27:53.380624+00:00,True,2026-09-25T05:27:53.380624+00:00,True,2026-09-25T05:27:53.380624+00:00,True,2026-09-25T05:27:53.380624+00:00,True
same_force,True,2,sensor.readpath_probe,1790314076.848,state_changed,2026-09-25T05:27:56.841345+00:00,True,2026-09-25T05:27:56.841345+00:00,True,2026-09-25T05:27:56.841345+00:00,True,2026-09-25T05:27:56.841345+00:00,True
same_force,True,3,sensor.readpath_probe,1790314080.343,state_changed,2026-09-25T05:28:00.346120+00:00,True,2026-09-25T05:28:00.346120+00:00,True,2026-09-25T05:28:00.346120+00:00,True,2026-09-25T05:28:00.346120+00:00,True
same_force,True,4,sensor.readpath_probe,1790314083.825,state_changed,2026-09-25T05:28:03.825504+00:00,True,2026-09-25T05:28:03.825504+00:00,True,2026-09-25T05:28:03.825504+00:00,True,2026-09-25T05:28:03.825504+00:00,True
same_force,True,5,sensor.readpath_probe,1790314087.284,state_changed,2026-09-25T05:28:07.314602+00:00,True,2026-09-25T05:28:07.314602+00:00,True,2026-09-25T05:28:07.314602+00:00,True,2026-09-25T05:28:07.314602+00:00,True
same_force,True,6,sensor.readpath_probe,1790314090.762,state_changed,2026-09-25T05:28:10.770627+00:00,True,2026-09-25T05:28:10.770627+00:00,True,2026-09-25T05:28:10.770627+00:00,True,2026-09-25T05:28:10.770627+00:00,True
same_force,True,7,sensor.readpath_probe,1790314094.216,state_changed,2026-09-25T05:28:14.216262+00:00,True,2026-09-25T05:28:14.216262+00:00,True,2026-09-25T05:28:14.216262+00:00,True,2026-09-25T05:28:14.216262+00:00,True
same_force,True,8,sensor.readpath_probe,1790314097.661,state_changed,2026-09-25T05:28:17.664618+00:00,True,2026-09-25T05:28:17.664618+00:00,True,2026-09-25T05:28:17.664618+00:00,True,2026-09-25T05:28:17.664618+00:00,True
same_force,True,9,sensor.readpath_probe,1790314101.121,state_changed,2026-09-25T05:28:21.122074+00:00,True,2026-09-25T05:28:21.122074+00:00,True,2026-09-25T05:28:21.122074+00:00,True,2026-09-25T05:28:21.122074+00:00,True
same_force,True,10,sensor.readpath_probe,1790314104.564,state_changed,2026-09-25T05:28:24.576388+00:00,True,2026-09-25T05:28:24.576388+00:00,True,2026-09-25T05:28:24.576388+00:00,True,2026-09-25T05:28:24.576388+00:00,True
same_force,True,11,sensor.readpath_probe,1790314108.025,state_changed,2026-09-25T05:28:28.031265+00:00,True,2026-09-25T05:28:28.031265+00:00,True,2026-09-25T05:28:28.031265+00:00,True,2026-09-25T05:28:28.031265+00:00,True
same_force,True,12,sensor.readpath_probe,1790314111.513,state_changed,2026-09-25T05:28:31.514531+00:00,True,2026-09-25T05:28:31.514531+00:00,True,2026-09-25T05:28:31.514531+00:00,True,2026-09-25T05:28:31.514531+00:00,True
same_force,True,13,sensor.readpath_probe,1790314114.966,state_changed,2026-09-25T05:28:34.969508+00:00,True,2026-09-25T05:28:34.969508+00:00,True,2026-09-25T05:28:34.969508+00:00,True,2026-09-25T05:28:34.969508+00:00,True
same_force,True,14,sensor.readpath_probe,1790314118.419,state_changed,2026-09-25T05:28:38.430363+00:00,True,2026-09-25T05:28:38.430363+00:00,True,2026-09-25T05:28:38.430363+00:00,True,2026-09-25T05:28:38.430363+00:00,True
same_force,True,15,sensor.readpath_probe,1790314121.895,state_changed,2026-09-25T05:28:41.893734+00:00,True,2026-09-25T05:28:41.893734+00:00,True,2026-09-25T05:28:41.893734+00:00,True,2026-09-25T05:28:41.893734+00:00,True
same_force,True,16,sensor.readpath_probe,1790314125.327,state_changed,2026-09-25T05:28:45.364683+00:00,True,2026-09-25T05:28:45.364683+00:00,True,2026-09-25T05:28:45.364683+00:00,True,2026-09-25T05:28:45.364683+00:00,True
same_force,True,17,sensor.readpath_probe,1790314128.845,state_changed,2026-09-25T05:28:48.857972+00:00,True,2026-09-25T05:28:48.857972+00:00,True,2026-09-25T05:28:48.857972+00:00,True,2026-09-25T05:28:48.857972+00:00,True
same_force,True,18,sensor.readpath_probe,1790314132.32,state_changed,2026-09-25T05:28:52.341507+00:00,True,2026-09-25T05:28:52.341507+00:00,True,2026-09-25T05:28:52.341507+00:00,True,2026-09-25T05:28:52.341507+00:00,True
same_force,True,19,sensor.readpath_probe,1790314135.793,state_changed,2026-09-25T05:28:55.794317+00:00,True,2026-09-25T05:28:55.794317+00:00,True,2026-09-25T05:28:55.794317+00:00,True,2026-09-25T05:28:55.794317+00:00,True
same_force,False,0,sensor.readpath_probe,1790314139.228,state_changed,2026-09-25T05:28:59.233734+00:00,True,2026-09-25T05:28:59.233734+00:00,True,2026-09-25T05:28:59.233734+00:00,True,2026-09-25T05:28:59.233734+00:00,True
same_force,False,1,sensor.readpath_probe,1790314142.668,state_changed,2026-09-25T05:29:02.690753+00:00,True,2026-09-25T05:29:02.690753+00:00,True,2026-09-25T05:29:02.690753+00:00,True,2026-09-25T05:29:02.690753+00:00,True
same_force,False,2,sensor.readpath_probe,1790314146.138,state_changed,2026-09-25T05:29:06.152788+00:00,True,2026-09-25T05:29:06.152788+00:00,True,2026-09-25T05:29:06.152788+00:00,True,2026-09-25T05:29:06.152788+00:00,True
same_force,False,3,sensor.readpath_probe,1790314149.586,state_changed,2026-09-25T05:29:09.592460+00:00,True,2026-09-25T05:29:09.592460+00:00,True,2026-09-25T05:29:09.592460+00:00,True,2026-09-25T05:29:09.592460+00:00,True
same_force,False,4,sensor.readpath_probe,1790314153.022,state_changed,2026-09-25T05:29:13.020889+00:00,True,2026-09-25T05:29:13.020889+00:00,True,2026-09-25T05:29:13.020889+00:00,True,2026-09-25T05:29:13.020889+00:00,True
same_force,False,5,sensor.readpath_probe,1790314156.443,state_changed,2026-09-25T05:29:16.458297+00:00,True,2026-09-25T05:29:16.458297+00:00,True,2026-09-25T05:29:16.458297+00:00,True,2026-09-25T05:29:16.458297+00:00,True
same_force,False,6,sensor.readpath_probe,1790314159.896,state_changed,2026-09-25T05:29:19.924450+00:00,True,2026-09-25T05:29:19.924450+00:00,True,2026-09-25T05:29:19.924450+00:00,True,2026-09-25T05:29:19.924450+00:00,True
same_force,False,7,sensor.readpath_probe,1790314163.36,state_changed,2026-09-25T05:29:23.374201+00:00,True,2026-09-25T05:29:23.374201+00:00,True,2026-09-25T05:29:23.374201+00:00,True,2026-09-25T05:29:23.374201+00:00,True
same_force,False,8,sensor.readpath_probe,1790314166.831,state_changed,2026-09-25T05:29:26.833749+00:00,True,2026-09-25T05:29:26.833749+00:00,True,2026-09-25T05:29:26.833749+00:00,True,2026-09-25T05:29:26.833749+00:00,True
same_force,False,9,sensor.readpath_probe,1790314170.259,state_changed,2026-09-25T05:29:30.269483+00:00,True,2026-09-25T05:29:30.269483+00:00,True,2026-09-25T05:29:30.269483+00:00,True,2026-09-25T05:29:30.269483+00:00,True
same_force,False,10,sensor.readpath_probe,1790314173.698,state_changed,2026-09-25T05:29:33.718282+00:00,True,2026-09-25T05:29:33.718282+00:00,True,2026-09-25T05:29:33.718282+00:00,True,2026-09-25T05:29:33.718282+00:00,True
same_force,False,11,sensor.readpath_probe,1790314177.142,state_changed,2026-09-25T05:29:37.160411+00:00,True,2026-09-25T05:29:37.160411+00:00,True,2026-09-25T05:29:37.160411+00:00,True,2026-09-25T05:29:37.160411+00:00,True
same_force,False,12,sensor.readpath_probe,1790314180.596,state_changed,2026-09-25T05:29:40.595596+00:00,True,2026-09-25T05:29:40.595596+00:00,True,2026-09-25T05:29:40.595596+00:00,True,2026-09-25T05:29:40.595596+00:00,True
same_force,False,13,sensor.readpath_probe,1790314184.019,state_changed,2026-09-25T05:29:44.029296+00:00,True,2026-09-25T05:29:44.029296+00:00,True,2026-09-25T05:29:44.029296+00:00,True,2026-09-25T05:29:44.029296+00:00,True
same_force,False,14,sensor.readpath_probe,1790314187.465,state_changed,2026-09-25T05:29:47.486895+00:00,True,2026-09-25T05:29:47.486895+00:00,True,2026-09-25T05:29:47.486895+00:00,True,2026-09-25T05:29:47.486895+00:00,True
same_force,False,15,sensor.readpath_probe,1790314190.921,state_changed,2026-09-25T05:29:50.949787+00:00,True,2026-09-25T05:29:50.949787+00:00,True,2026-09-25T05:29:50.949787+00:00,True,2026-09-25T05:29:50.949787+00:00,True
same_force,False,16,sensor.readpath_probe,1790314194.383,state_changed,2026-09-25T05:29:54.390305+00:00,True,2026-09-25T05:29:54.390305+00:00,True,2026-09-25T05:29:54.390305+00:00,True,2026-09-25T05:29:54.390305+00:00,True
same_force,False,17,sensor.readpath_probe,1790314197.829,state_changed,2026-09-25T05:29:57.834073+00:00,True,2026-09-25T05:29:57.834073+00:00,True,2026-09-25T05:29:57.834073+00:00,True,2026-09-25T05:29:57.834073+00:00,True
same_force,False,18,sensor.readpath_probe,1790314201.263,state_changed,2026-09-25T05:30:01.270693+00:00,True,2026-09-25T05:30:01.270693+00:00,True,2026-09-25T05:30:01.270693+00:00,True,2026-09-25T05:30:01.270693+00:00,True
same_force,False,19,sensor.readpath_probe,1790314204.79,state_changed,2026-09-25T05:30:04.810726+00:00,True,2026-09-25T05:30:04.810726+00:00,True,2026-09-25T05:30:04.810726+00:00,True,2026-09-25T05:30:04.810726+00:00,True
change,True,0,sensor.readpath_probe,1790314208.266,state_changed,2026-09-25T05:30:08.270955+00:00,True,2026-09-25T05:30:08.270955+00:00,True,2026-09-25T05:30:08.270955+00:00,True,2026-09-25T05:30:08.270955+00:00,True
change,True,1,sensor.readpath_probe,1790314211.701,state_changed,2026-09-25T05:30:11.723086+00:00,True,2026-09-25T05:30:11.723086+00:00,True,2026-09-25T05:30:11.723086+00:00,True,2026-09-25T05:30:11.723086+00:00,True
change,True,2,sensor.readpath_probe,1790314215.182,state_changed,2026-09-25T05:30:15.186390+00:00,True,2026-09-25T05:30:15.186390+00:00,True,2026-09-25T05:30:15.186390+00:00,True,2026-09-25T05:30:15.186390+00:00,True
change,True,3,sensor.readpath_probe,1790314218.617,state_changed,2026-09-25T05:30:18.622907+00:00,True,2026-09-25T05:30:18.622907+00:00,True,2026-09-25T05:30:18.622907+00:00,True,2026-09-25T05:30:18.622907+00:00,True
change,True,4,sensor.readpath_probe,1790314222.052,state_changed,2026-09-25T05:30:22.053466+00:00,True,2026-09-25T05:30:22.053466+00:00,True,2026-09-25T05:30:22.053466+00:00,True,2026-09-25T05:30:22.053466+00:00,True
change,True,5,sensor.readpath_probe,1790314225.487,state_changed,2026-09-25T05:30:25.515759+00:00,True,2026-09-25T05:30:25.515759+00:00,True,2026-09-25T05:30:25.515759+00:00,True,2026-09-25T05:30:25.515759+00:00,True
change,True,6,sensor.readpath_probe,1790314229.02,state_changed,2026-09-25T05:30:29.023239+00:00,True,2026-09-25T05:30:29.023239+00:00,True,2026-09-25T05:30:29.023239+00:00,True,2026-09-25T05:30:29.023239+00:00,True
change,True,7,sensor.readpath_probe,1790314232.472,state_changed,2026-09-25T05:30:32.507562+00:00,True,2026-09-25T05:30:32.507562+00:00,True,2026-09-25T05:30:32.507562+00:00,True,2026-09-25T05:30:32.507562+00:00,True
change,True,8,sensor.readpath_probe,1790314235.97,state_changed,2026-09-25T05:30:35.990255+00:00,True,2026-09-25T05:30:35.990255+00:00,True,2026-09-25T05:30:35.990255+00:00,True,2026-09-25T05:30:35.990255+00:00,True
change,True,9,sensor.readpath_probe,1790314239.443,state_changed,2026-09-25T05:30:39.444548+00:00,True,2026-09-25T05:30:39.444548+00:00,True,2026-09-25T05:30:39.444548+00:00,True,2026-09-25T05:30:39.444548+00:00,True
change,True,10,sensor.readpath_probe,1790314242.882,state_changed,2026-09-25T05:30:42.883608+00:00,True,2026-09-25T05:30:42.883608+00:00,True,2026-09-25T05:30:42.883608+00:00,True,2026-09-25T05:30:42.883608+00:00,True
change,True,11,sensor.readpath_probe,1790314246.329,state_changed,2026-09-25T05:30:46.352086+00:00,True,2026-09-25T05:30:46.352086+00:00,True,2026-09-25T05:30:46.352086+00:00,True,2026-09-25T05:30:46.352086+00:00,True
change,True,12,sensor.readpath_probe,1790314249.823,state_changed,2026-09-25T05:30:49.822361+00:00,True,2026-09-25T05:30:49.822361+00:00,True,2026-09-25T05:30:49.822361+00:00,True,2026-09-25T05:30:49.822361+00:00,True
change,True,13,sensor.readpath_probe,1790314253.256,state_changed,2026-09-25T05:30:53.266891+00:00,True,2026-09-25T05:30:53.266891+00:00,True,2026-09-25T05:30:53.266891+00:00,True,2026-09-25T05:30:53.266891+00:00,True
change,True,14,sensor.readpath_probe,1790314256.705,state_changed,2026-09-25T05:30:56.708688+00:00,True,2026-09-25T05:30:56.708688+00:00,True,2026-09-25T05:30:56.708688+00:00,True,2026-09-25T05:30:56.708688+00:00,True
change,True,15,sensor.readpath_probe,1790314260.182,state_changed,2026-09-25T05:31:00.182669+00:00,True,2026-09-25T05:31:00.182669+00:00,True,2026-09-25T05:31:00.182669+00:00,True,2026-09-25T05:31:00.182669+00:00,True
change,True,16,sensor.readpath_probe,1790314263.661,state_changed,2026-09-25T05:31:03.680583+00:00,True,2026-09-25T05:31:03.680583+00:00,True,2026-09-25T05:31:03.680583+00:00,True,2026-09-25T05:31:03.680583+00:00,True
change,True,17,sensor.readpath_probe,1790314267.294,state_changed,2026-09-25T05:31:07.298875+00:00,True,2026-09-25T05:31:07.298875+00:00,True,2026-09-25T05:31:07.298875+00:00,True,2026-09-25T05:31:07.298875+00:00,True
change,True,18,sensor.readpath_probe,1790314270.745,state_changed,2026-09-25T05:31:10.746880+00:00,True,2026-09-25T05:31:10.746880+00:00,True,2026-09-25T05:31:10.746880+00:00,True,2026-09-25T05:31:10.746880+00:00,True
change,True,19,sensor.readpath_probe,1790314274.18,state_changed,2026-09-25T05:31:14.185921+00:00,True,2026-09-25T05:31:14.185921+00:00,True,2026-09-25T05:31:14.185921+00:00,True,2026-09-25T05:31:14.185921+00:00,True
change,False,0,sensor.readpath_probe,1790314277.611,state_changed,2026-09-25T05:31:17.626114+00:00,True,2026-09-25T05:31:17.626114+00:00,True,2026-09-25T05:31:17.626114+00:00,True,2026-09-25T05:31:17.626114+00:00,True
change,False,1,sensor.readpath_probe,1790314281.064,state_changed,2026-09-25T05:31:21.078207+00:00,True,2026-09-25T05:31:21.078207+00:00,True,2026-09-25T05:31:21.078207+00:00,True,2026-09-25T05:31:21.078207+00:00,True
change,False,2,sensor.readpath_probe,1790314284.499,state_changed,2026-09-25T05:31:24.515988+00:00,True,2026-09-25T05:31:24.515988+00:00,True,2026-09-25T05:31:24.515988+00:00,True,2026-09-25T05:31:24.515988+00:00,True
change,False,3,sensor.readpath_probe,1790314287.949,state_changed,2026-09-25T05:31:27.955287+00:00,True,2026-09-25T05:31:27.955287+00:00,True,2026-09-25T05:31:27.955287+00:00,True,2026-09-25T05:31:27.955287+00:00,True
change,False,4,sensor.readpath_probe,1790314291.381,state_changed,2026-09-25T05:31:31.383327+00:00,True,2026-09-25T05:31:31.383327+00:00,True,2026-09-25T05:31:31.383327+00:00,True,2026-09-25T05:31:31.383327+00:00,True
change,False,5,sensor.readpath_probe,1790314294.817,state_changed,2026-09-25T05:31:34.823708+00:00,True,2026-09-25T05:31:34.823708+00:00,True,2026-09-25T05:31:34.823708+00:00,True,2026-09-25T05:31:34.823708+00:00,True
change,False,6,sensor.readpath_probe,1790314298.283,state_changed,2026-09-25T05:31:38.283632+00:00,True,2026-09-25T05:31:38.283632+00:00,True,2026-09-25T05:31:38.283632+00:00,True,2026-09-25T05:31:38.283632+00:00,True
change,False,7,sensor.readpath_probe,1790314301.711,state_changed,2026-09-25T05:31:41.726394+00:00,True,2026-09-25T05:31:41.726394+00:00,True,2026-09-25T05:31:41.726394+00:00,True,2026-09-25T05:31:41.726394+00:00,True
change,False,8,sensor.readpath_probe,1790314305.163,state_changed,2026-09-25T05:31:45.169166+00:00,True,2026-09-25T05:31:45.169166+00:00,True,2026-09-25T05:31:45.169166+00:00,True,2026-09-25T05:31:45.169166+00:00,True
change,False,9,sensor.readpath_probe,1790314308.62,state_changed,2026-09-25T05:31:48.618867+00:00,True,2026-09-25T05:31:48.618867+00:00,True,2026-09-25T05:31:48.618867+00:00,True,2026-09-25T05:31:48.618867+00:00,True
change,False,10,sensor.readpath_probe,1790314312.068,state_changed,2026-09-25T05:31:52.077868+00:00,True,2026-09-25T05:31:52.077868+00:00,True,2026-09-25T05:31:52.077868+00:00,True,2026-09-25T05:31:52.077868+00:00,True
change,False,11,sensor.readpath_probe,1790314315.523,state_changed,2026-09-25T05:31:55.531718+00:00,True,2026-09-25T05:31:55.531718+00:00,True,2026-09-25T05:31:55.531718+00:00,True,2026-09-25T05:31:55.531718+00:00,True
change,False,12,sensor.readpath_probe,1790314318.959,state_changed,2026-09-25T05:31:58.960206+00:00,True,2026-09-25T05:31:58.960206+00:00,True,2026-09-25T05:31:58.960206+00:00,True,2026-09-25T05:31:58.960206+00:00,True
change,False,13,sensor.readpath_probe,1790314322.4,state_changed,2026-09-25T05:32:02.405928+00:00,True,2026-09-25T05:32:02.405928+00:00,True,2026-09-25T05:32:02.405928+00:00,True,2026-09-25T05:32:02.405928+00:00,True
change,False,14,sensor.readpath_probe,1790314325.86,state_changed,2026-09-25T05:32:05.866656+00:00,True,2026-09-25T05:32:05.866656+00:00,True,2026-09-25T05:32:05.866656+00:00,True,2026-09-25T05:32:05.866656+00:00,True
change,False,15,sensor.readpath_probe,1790314329.295,state_changed,2026-09-25T05:32:09.309664+00:00,True,2026-09-25T05:32:09.309664+00:00,True,2026-09-25T05:32:09.309664+00:00,True,2026-09-25T05:32:09.309664+00:00,True
change,False,16,sensor.readpath_probe,1790314332.745,state_changed,2026-09-25T05:32:12.752810+00:00,True,2026-09-25T05:32:12.752810+00:00,True,2026-09-25T05:32:12.752810+00:00,True,2026-09-25T05:32:12.752810+00:00,True
change,False,17,sensor.readpath_probe,1790314336.178,state_changed,2026-09-25T05:32:16.193491+00:00,True,2026-09-25T05:32:16.193491+00:00,True,2026-09-25T05:32:16.193491+00:00,True,2026-09-25T05:32:16.193491+00:00,True
change,False,18,sensor.readpath_probe,1790314339.618,state_changed,2026-09-25T05:32:19.629419+00:00,True,2026-09-25T05:32:19.629419+00:00,True,2026-09-25T05:32:19.629419+00:00,True,2026-09-25T05:32:19.629419+00:00,True
change,False,19,sensor.readpath_probe,1790314343.067,state_changed,2026-09-25T05:32:23.088084+00:00,True,2026-09-25T05:32:23.088084+00:00,True,2026-09-25T05:32:23.088084+00:00,True,2026-09-25T05:32:23.088084+00:00,True
update_entity,True,0,binary_sensor.front_door_contact,1790314346.574,none,2026-09-25T05:22:58.698224+00:00,False,2026-09-25T05:32:26.640759+00:00,True,2026-09-25T05:22:58.698224+00:00,False,,False
update_entity,True,1,binary_sensor.front_door_contact,1790314350.077,none,2026-09-25T05:22:58.698224+00:00,False,2026-09-25T05:32:30.087900+00:00,True,2026-09-25T05:22:58.698224+00:00,False,,False
update_entity,True,2,binary_sensor.front_door_contact,1790314353.524,none,2026-09-25T05:22:58.698224+00:00,False,2026-09-25T05:32:33.540898+00:00,True,2026-09-25T05:22:58.698224+00:00,False,,False
update_entity,True,3,binary_sensor.front_door_contact,1790314356.991,none,2026-09-25T05:22:58.698224+00:00,False,2026-09-25T05:32:36.996363+00:00,True,2026-09-25T05:22:58.698224+00:00,False,,False
update_entity,True,4,binary_sensor.front_door_contact,1790314360.526,none,2026-09-25T05:22:58.698224+00:00,False,2026-09-25T05:32:40.539130+00:00,True,2026-09-25T05:22:58.698224+00:00,False,,False
update_entity,True,5,binary_sensor.front_door_contact,1790314363.972,none,2026-09-25T05:22:58.698224+00:00,False,2026-09-25T05:32:43.978680+00:00,True,2026-09-25T05:22:58.698224+00:00,False,,False
update_entity,True,6,binary_sensor.front_door_contact,1790314367.453,none,2026-09-25T05:22:58.698224+00:00,False,2026-09-25T05:32:47.455412+00:00,True,2026-09-25T05:22:58.698224+00:00,False,,False
update_entity,True,7,binary_sensor.front_door_contact,1790314370.885,none,2026-09-25T05:22:58.698224+00:00,False,2026-09-25T05:32:50.903097+00:00,True,2026-09-25T05:22:58.698224+00:00,False,,False
update_entity,True,8,binary_sensor.front_door_contact,1790314374.364,none,2026-09-25T05:22:58.698224+00:00,False,2026-09-25T05:32:54.370056+00:00,True,2026-09-25T05:22:58.698224+00:00,False,,False
update_entity,True,9,binary_sensor.front_door_contact,1790314377.798,none,2026-09-25T05:22:58.698224+00:00,False,2026-09-25T05:32:57.801609+00:00,True,2026-09-25T05:22:58.698224+00:00,False,,False
update_entity,True,10,binary_sensor.front_door_contact,1790314381.261,none,2026-09-25T05:22:58.698224+00:00,False,2026-09-25T05:33:01.282638+00:00,True,2026-09-25T05:22:58.698224+00:00,False,,False
update_entity,True,11,binary_sensor.front_door_contact,1790314384.741,none,2026-09-25T05:22:58.698224+00:00,False,2026-09-25T05:33:04.746108+00:00,True,2026-09-25T05:22:58.698224+00:00,False,,False
update_entity,True,12,binary_sensor.front_door_contact,1790314388.185,none,2026-09-25T05:22:58.698224+00:00,False,2026-09-25T05:33:08.196961+00:00,True,2026-09-25T05:22:58.698224+00:00,False,,False
update_entity,True,13,binary_sensor.front_door_contact,1790314391.652,none,2026-09-25T05:22:58.698224+00:00,False,2026-09-25T05:33:11.658429+00:00,True,2026-09-25T05:22:58.698224+00:00,False,,False
update_entity,True,14,binary_sensor.front_door_contact,1790314395.103,none,2026-09-25T05:22:58.698224+00:00,False,2026-09-25T05:33:15.110671+00:00,True,2026-09-25T05:22:58.698224+00:00,False,,False
update_entity,True,15,binary_sensor.front_door_contact,1790314398.541,none,2026-09-25T05:22:58.698224+00:00,False,2026-09-25T05:33:18.544055+00:00,True,2026-09-25T05:22:58.698224+00:00,False,,False
update_entity,True,16,binary_sensor.front_door_contact,1790314401.976,none,2026-09-25T05:22:58.698224+00:00,False,2026-09-25T05:33:21.977919+00:00,True,2026-09-25T05:22:58.698224+00:00,False,,False
update_entity,True,17,binary_sensor.front_door_contact,1790314405.415,none,2026-09-25T05:22:58.698224+00:00,False,2026-09-25T05:33:25.426540+00:00,True,2026-09-25T05:22:58.698224+00:00,False,,False
update_entity,True,18,binary_sensor.front_door_contact,1790314408.88,none,2026-09-25T05:22:58.698224+00:00,False,2026-09-25T05:33:28.881046+00:00,True,2026-09-25T05:22:58.698224+00:00,False,,False
update_entity,True,19,binary_sensor.front_door_contact,1790314412.315,none,2026-09-25T05:22:58.698224+00:00,False,2026-09-25T05:33:32.326132+00:00,True,2026-09-25T05:22:58.698224+00:00,False,,False
update_entity,False,0,binary_sensor.front_door_contact,1790314415.753,none,2026-09-25T05:22:58.698224+00:00,False,2026-09-25T05:33:35.762937+00:00,True,2026-09-25T05:22:58.698224+00:00,False,,False
update_entity,False,1,binary_sensor.front_door_contact,1790314419.192,none,2026-09-25T05:22:58.698224+00:00,False,2026-09-25T05:33:39.199517+00:00,True,2026-09-25T05:22:58.698224+00:00,False,,False
update_entity,False,2,binary_sensor.front_door_contact,1790314422.631,none,2026-09-25T05:22:58.698224+00:00,False,2026-09-25T05:33:42.667727+00:00,True,2026-09-25T05:22:58.698224+00:00,False,,False
update_entity,False,3,binary_sensor.front_door_contact,1790314426.136,none,2026-09-25T05:22:58.698224+00:00,False,2026-09-25T05:33:46.157485+00:00,True,2026-09-25T05:22:58.698224+00:00,False,,False
update_entity,False,4,binary_sensor.front_door_contact,1790314429.623,none,2026-09-25T05:22:58.698224+00:00,False,2026-09-25T05:33:49.641063+00:00,True,2026-09-25T05:22:58.698224+00:00,False,,False
update_entity,False,5,binary_sensor.front_door_contact,1790314433.086,none,2026-09-25T05:22:58.698224+00:00,False,2026-09-25T05:33:53.107053+00:00,True,2026-09-25T05:22:58.698224+00:00,False,,False
update_entity,False,6,binary_sensor.front_door_contact,1790314436.538,none,2026-09-25T05:22:58.698224+00:00,False,2026-09-25T05:33:56.549743+00:00,True,2026-09-25T05:22:58.698224+00:00,False,,False
update_entity,False,7,binary_sensor.front_door_contact,1790314439.979,none,2026-09-25T05:22:58.698224+00:00,False,2026-09-25T05:33:59.981999+00:00,True,2026-09-25T05:22:58.698224+00:00,False,,False
update_entity,False,8,binary_sensor.front_door_contact,1790314443.425,none,2026-09-25T05:22:58.698224+00:00,False,2026-09-25T05:34:03.441546+00:00,True,2026-09-25T05:22:58.698224+00:00,False,,False
update_entity,False,9,binary_sensor.front_door_contact,1790314446.874,none,2026-09-25T05:22:58.698224+00:00,False,2026-09-25T05:34:06.883976+00:00,True,2026-09-25T05:22:58.698224+00:00,False,,False
update_entity,False,10,binary_sensor.front_door_contact,1790314450.309,none,2026-09-25T05:22:58.698224+00:00,False,2026-09-25T05:34:10.314629+00:00,True,2026-09-25T05:22:58.698224+00:00,False,,False
update_entity,False,11,binary_sensor.front_door_contact,1790314453.736,none,2026-09-25T05:22:58.698224+00:00,False,2026-09-25T05:34:13.767588+00:00,True,2026-09-25T05:22:58.698224+00:00,False,,False
update_entity,False,12,binary_sensor.front_door_contact,1790314457.201,none,2026-09-25T05:22:58.698224+00:00,False,2026-09-25T05:34:17.219092+00:00,True,2026-09-25T05:22:58.698224+00:00,False,,False
update_entity,False,13,binary_sensor.front_door_contact,1790314460.679,none,2026-09-25T05:22:58.698224+00:00,False,2026-09-25T05:34:20.688956+00:00,True,2026-09-25T05:22:58.698224+00:00,False,,False
update_entity,False,14,binary_sensor.front_door_contact,1790314464.109,none,2026-09-25T05:22:58.698224+00:00,False,2026-09-25T05:34:24.122051+00:00,True,2026-09-25T05:22:58.698224+00:00,False,,False
update_entity,False,15,binary_sensor.front_door_contact,1790314467.572,none,2026-09-25T05:22:58.698224+00:00,False,2026-09-25T05:34:27.577566+00:00,True,2026-09-25T05:22:58.698224+00:00,False,,False
update_entity,False,16,binary_sensor.front_door_contact,1790314471.007,none,2026-09-25T05:22:58.698224+00:00,False,2026-09-25T05:34:31.034627+00:00,True,2026-09-25T05:22:58.698224+00:00,False,,False
update_entity,False,17,binary_sensor.front_door_contact,1790314474.465,none,2026-09-25T05:22:58.698224+00:00,False,2026-09-25T05:34:34.478668+00:00,True,2026-09-25T05:22:58.698224+00:00,False,,False
update_entity,False,18,binary_sensor.front_door_contact,1790314477.897,none,2026-09-25T05:22:58.698224+00:00,False,2026-09-25T05:34:37.916108+00:00,True,2026-09-25T05:22:58.698224+00:00,False,,False
update_entity,False,19,binary_sensor.front_door_contact,1790314481.352,none,2026-09-25T05:22:58.698224+00:00,False,2026-09-25T05:34:41.364132+00:00,True,2026-09-25T05:22:58.698224+00:00,False,,False
