run_id,trial_id,question,cell,rep,hold_mode,hold_d_s,second_toggle_s,req_min_floor_s,req_max_ceiling_s,wire_min_floor_s,wire_max_ceiling_s,subscription_id,negotiated_max_interval_s,controller_timeout_s,controller_timeout_formula_s,matterjs_version,node_version,mrp_idle_ms,mrp_active_ms,mrp_active_threshold_ms,mrp_max_transmissions,mrp_backoff_base,mrp_backoff_margin,mrp_backoff_jitter,mrp_backoff_threshold,t_hold_start,t_toggle,t_release,release_reason,n_held,n_distinct_held_msgs,held_bytes_unchanged,release_in_order,dev_report_tx_count,dev_report_first_tx_t,dev_report_last_tx_t,dev_giveup_t,dev_giveup_after_toggle_ms,dev_sub_terminated,applied,t_applied,applied_minus_toggle_ms,applied_minus_release_ms,event_number,event_epoch_ts,event_receipt_t,event_age_ms,event_minus_toggle_ms,ctrl_warn_error_count,ctrl_warn_error_first,ctrl_peer_unresponsive_ms_after_hold,ctrl_peer_unresponsive_text,n_passed_value_datagrams_during_hold,later_report_before_release,ctrl_callbacks_during_hold,final_ctrl_value,final_device_value,stale_mismatch_after_release,mismatch_observed_until_ms_after_release,mismatch_resolved,keepalives_during_mismatch,dup_event_callbacks,t_last_delivered_before_hold,t_lost_declared,lost_after_hold_start_ms,lost_after_last_delivered_ms,lost_via,t_fresh_value,fresh_after_release_ms,fresh_after_hold_start_ms,fresh_via,notes
main,T001,Q1,d=1s,1,all,1,,1,60,1,63,35d8ec13,66,104,104.458,0.17.9,v26.3.0,500,300,4000,5,1.6,1.1,0.25,1,1790318295809,1790318295818,1790318296811,timer,2,1,true,true,2,1790318295885,1790318296555,,,false,true,1790318296818,1000,7,4003,1790318295829,1790318296827,998,11,0,,,,,,0,false,false,false,,,,,1790318291257,,,,,,,,,Q3 measured on the same report
main,T002,Q1,d=5s,1,all,5,,1,60,1,63,35d8ec13,66,104,104.458,0.17.9,v26.3.0,500,300,4000,5,1.6,1.1,0.25,1,1790318303932,1790318303933,1790318308936,timer,5,1,true,true,5,1790318303995,1790318307058,,,false,true,1790318308958,5025,22,4005,1790318303937,1790318308971,5034,4,0,,,,,,0,false,false,false,,,,,1790318300928,,,,,,,,,Q3 measured on the same report
main,T003,Q1,d=10s,1,all,10,,1,60,1,63,35d8ec13,66,104,104.458,0.17.9,v26.3.0,500,300,4000,5,1.6,1.1,0.25,1,1790318316089,1790318316090,1790318326095,timer,5,1,true,true,5,1790318316158,1790318319023,,,false,true,1790318326120,10030,25,4007,1790318316101,1790318326129,10028,11,0,,,,,,0,false,false,false,,,,,1790318313082,,,,,,,,,Q3 measured on the same report
main,T004,Q1,d=20s,1,all,20,,1,60,1,63,35d8ec13,66,104,104.458,0.17.9,v26.3.0,500,300,4000,5,1.6,1.1,0.25,1,1790318333241,1790318333241,1790318353244,timer,5,1,true,true,5,1790318333297,1790318336022,1790318347273,14032,false,true,1790318353255,20014,11,4009,1790318333243,1790318353266,20023,2,0,,,,,,0,false,false,false,,,,,1790318330239,,,,,,,,,Q3 measured on the same report
main,T005,Q1,d=30s,1,all,30,,1,60,1,63,35d8ec13,66,104,104.458,0.17.9,v26.3.0,500,300,4000,5,1.6,1.1,0.25,1,1790318360381,1790318360383,1790318390385,timer,5,1,true,true,5,1790318360455,1790318363309,1790318374550,14167,false,true,1790318390411,30028,26,4011,1790318360389,1790318390427,30038,6,0,,6490,INFO InteractionMessenger @1:1•4969⇵b4ff Error sending success after final data report chunk [peer-unresponsive] Peer is no longer responding to active session (timed out after 13.6s),,,0,false,false,false,,,,,1790318357367,,,,,,,,,Q3 measured on the same report
main,T006,Q1,d=1s,2,all,1,,1,60,1,63,35d8ec13,66,104,104.458,0.17.9,v26.3.0,500,300,4000,5,1.6,1.1,0.25,1,1790318397513,1790318397517,1790318398516,timer,3,1,true,true,3,1790318397579,1790318398300,,,false,true,1790318398529,1012,13,4013,1790318397524,1790318398543,1019,7,0,,,,,,0,false,false,false,,,,,1790318394500,,,,,,,,,Q3 measured on the same report
main,T007,Q1,d=5s,2,all,5,,1,60,1,63,35d8ec13,66,104,104.458,0.17.9,v26.3.0,500,300,4000,5,1.6,1.1,0.25,1,1790318405656,1790318405660,1790318410662,timer,5,1,true,true,5,1790318405721,1790318408682,,,false,true,1790318410688,5028,26,4015,1790318405665,1790318410700,5035,5,0,,,,,,0,false,false,false,,,,,1790318402645,,,,,,,,,Q3 measured on the same report
main,T008,Q1,d=10s,2,all,10,,1,60,1,63,35d8ec13,66,104,104.458,0.17.9,v26.3.0,500,300,4000,5,1.6,1.1,0.25,1,1790318417814,1790318417817,1790318427817,timer,5,1,true,true,5,1790318417890,1790318420553,,,false,true,1790318427833,10016,16,4017,1790318417829,1790318427847,10018,12,0,,,,,,0,false,false,false,,,,,1790318414799,,,,,,,,,Q3 measured on the same report
main,T009,Q1,d=20s,2,all,20,,1,60,1,63,35d8ec13,66,104,104.458,0.17.9,v26.3.0,500,300,4000,5,1.6,1.1,0.25,1,1790318434967,1790318434969,1790318454971,timer,5,1,true,true,5,1790318435037,1790318437948,1790318449195,14226,false,true,1790318454995,20026,24,4019,1790318434980,1790318455010,20030,11,0,,,,,,0,false,false,false,,,,,1790318431948,,,,,,,,,Q3 measured on the same report
main,T010,Q1,d=30s,2,all,30,,1,60,1,63,35d8ec13,66,104,104.458,0.17.9,v26.3.0,500,300,4000,5,1.6,1.1,0.25,1,1790318462101,1790318462102,1790318492105,timer,5,1,true,true,5,1790318462164,1790318465208,1790318476448,14346,false,true,1790318492117,30015,12,4021,1790318462106,1790318492128,30022,4,0,,6369,INFO InteractionMessenger @1:1•4969⇵b509 Error sending success after final data report chunk [peer-unresponsive] Peer is no longer responding to active session (timed out after 13.5s),,,0,false,false,false,,,,,1790318459085,,,,,,,,,Q3 measured on the same report
main,T011,Q1,d=1s,3,all,1,,1,60,1,63,35d8ec13,66,104,104.458,0.17.9,v26.3.0,500,300,4000,5,1.6,1.1,0.25,1,1790318499238,1790318499238,1790318500238,timer,3,1,true,true,3,1790318499294,1790318499982,,,false,true,1790318500241,1003,3,4023,1790318499239,1790318500254,1015,1,0,,,,,,0,false,false,false,,,,,1790318496228,,,,,,,,,Q3 measured on the same report
main,T012,Q1,d=5s,3,all,5,,1,60,1,63,35d8ec13,66,104,104.458,0.17.9,v26.3.0,500,300,4000,5,1.6,1.1,0.25,1,1790318507352,1790318507353,1790318512355,timer,5,1,true,true,5,1790318507417,1790318510372,,,false,true,1790318512366,5013,11,4025,1790318507362,1790318512380,5018,9,0,,,,,,0,false,false,false,,,,,1790318504346,,,,,,,,,Q3 measured on the same report
main,T013,Q1,d=10s,3,all,10,,1,60,1,63,35d8ec13,66,104,104.458,0.17.9,v26.3.0,500,300,4000,5,1.6,1.1,0.25,1,1790318519486,1790318519487,1790318529487,timer,5,1,true,true,5,1790318519547,1790318522346,,,false,true,1790318529499,10012,12,4027,1790318519492,1790318529516,10024,5,0,,,,,,0,false,false,false,,,,,1790318516477,,,,,,,,,Q3 measured on the same report
main,T014,Q1,d=20s,3,all,20,,1,60,1,63,35d8ec13,66,104,104.458,0.17.9,v26.3.0,500,300,4000,5,1.6,1.1,0.25,1,1790318536624,1790318536626,1790318556628,timer,5,1,true,true,5,1790318536695,1790318539713,1790318550957,14331,false,true,1790318556642,20016,14,4029,1790318536636,1790318556652,20016,10,0,,,,,,0,false,false,false,,,,,1790318533615,,,,,,,,,Q3 measured on the same report
main,T015,Q1,d=30s,3,all,30,,1,60,1,63,35d8ec13,66,104,104.458,0.17.9,v26.3.0,500,300,4000,5,1.6,1.1,0.25,1,1790318563748,1790318563762,1790318593753,timer,5,1,true,true,5,1790318563833,1790318566845,1790318578090,14328,false,true,1790318593772,30010,19,4031,1790318563777,1790318593786,30009,15,0,,6400,INFO InteractionMessenger @1:1•4969⇵b513 Error sending success after final data report chunk [peer-unresponsive] Peer is no longer responding to active session (timed out after 13.5s),,,0,false,false,false,,,,,1790318560732,,,,,,,,,Q3 measured on the same report
main,T016,Q1,d=1s,4,all,1,,1,60,1,63,35d8ec13,66,104,104.458,0.17.9,v26.3.0,500,300,4000,5,1.6,1.1,0.25,1,1790318600891,1790318600893,1790318601893,timer,3,1,true,true,3,1790318600953,1790318601654,,,false,true,1790318601898,1005,5,4033,1790318600896,1790318601910,1014,3,0,,,,,,0,false,false,false,,,,,1790318597882,,,,,,,,,Q3 measured on the same report
main,T017,Q1,d=5s,4,all,5,,1,60,1,63,35d8ec13,66,104,104.458,0.17.9,v26.3.0,500,300,4000,5,1.6,1.1,0.25,1,1790318609014,1790318609016,1790318614017,timer,5,1,true,true,5,1790318609078,1790318612210,,,false,true,1790318614032,5016,15,4035,1790318609020,1790318614052,5032,4,0,,,,,,0,false,false,false,,,,,1790318606010,,,,,,,,,Q3 measured on the same report
main,T018,Q1,d=10s,4,all,10,,1,60,1,63,35d8ec13,66,104,104.458,0.17.9,v26.3.0,500,300,4000,5,1.6,1.1,0.25,1,1790318621173,1790318621175,1790318631178,timer,5,1,true,true,5,1790318621246,1790318624124,,,false,true,1790318631214,10039,36,4037,1790318621187,1790318631223,10036,12,0,,,,,,0,false,false,false,,,,,1790318618163,,,,,,,,,Q3 measured on the same report
main,T019,Q1,d=20s,4,all,20,,1,60,1,63,35d8ec13,66,104,104.458,0.17.9,v26.3.0,500,300,4000,5,1.6,1.1,0.25,1,1790318638315,1790318638316,1790318658318,timer,5,1,true,true,5,1790318638391,1790318641321,1790318652561,14245,false,true,1790318658331,20015,13,4039,1790318638334,1790318658352,20018,18,0,,,,,,0,false,false,false,,,,,1790318635308,,,,,,,,,Q3 measured on the same report
main,T020,Q1,d=30s,4,all,30,,1,60,1,63,35d8ec13,66,104,104.458,0.17.9,v26.3.0,500,300,4000,5,1.6,1.1,0.25,1,1790318665429,1790318665431,1790318695406,timer,5,1,true,true,5,1790318665487,1790318668545,1790318679770,14339,false,true,1790318695418,29987,12,4041,1790318665434,1790318695426,29992,3,0,,6438,INFO InteractionMessenger @1:1•4969⇵b51d Error sending success after final data report chunk [peer-unresponsive] Peer is no longer responding to active session (timed out after 13.5s),,,0,false,false,false,,,,,1790318662420,,,,,,,,,Q3 measured on the same report
main,T021,Q1,d=1s,5,all,1,,1,60,1,63,35d8ec13,66,104,104.458,0.17.9,v26.3.0,500,300,4000,5,1.6,1.1,0.25,1,1790318702511,1790318702512,1790318703513,timer,3,1,true,true,3,1790318702571,1790318703293,,,false,true,1790318703522,1010,9,4043,1790318702517,1790318703538,1021,5,0,,,,,,0,false,false,false,,,,,1790318699504,,,,,,,,,Q3 measured on the same report
main,T022,Q1,d=5s,5,all,5,,1,60,1,63,35d8ec13,66,104,104.458,0.17.9,v26.3.0,500,300,4000,5,1.6,1.1,0.25,1,1790318710655,1790318710657,1790318715658,timer,5,1,true,true,5,1790318710718,1790318713739,,,false,true,1790318715682,5025,24,4045,1790318710662,1790318715697,5035,5,0,,,,,,0,false,false,false,,,,,1790318707650,,,,,,,,,Q3 measured on the same report
main,T023,Q1,d=10s,5,all,10,,1,60,1,63,35d8ec13,66,104,104.458,0.17.9,v26.3.0,500,300,4000,5,1.6,1.1,0.25,1,1790318722794,1790318722795,1790318732798,timer,5,1,true,true,5,1790318722859,1790318725890,,,false,true,1790318732813,10018,15,4047,1790318722801,1790318732825,10024,6,0,,,,,,0,false,false,false,,,,,1790318719785,,,,,,,,,Q3 measured on the same report
main,T024,Q1,d=20s,5,all,20,,1,60,1,63,35d8ec13,66,104,104.458,0.17.9,v26.3.0,500,300,4000,5,1.6,1.1,0.25,1,1790318739933,1790318739933,1790318759936,timer,5,1,true,true,5,1790318739992,1790318742958,1790318754208,14275,false,true,1790318759949,20016,13,4049,1790318739937,1790318759976,20039,4,0,,,,,,0,false,false,false,,,,,1790318736927,,,,,,,,,Q3 measured on the same report
main,T025,Q1,d=30s,5,all,30,,1,60,1,63,35d8ec13,66,104,104.458,0.17.9,v26.3.0,500,300,4000,5,1.6,1.1,0.25,1,1790318767083,1790318767085,1790318797086,timer,5,1,true,true,5,1790318767148,1790318770150,1790318781394,14309,false,true,1790318797099,30014,13,4051,1790318767090,1790318797108,30018,5,0,,6453,INFO InteractionMessenger @1:1•4969⇵b527 Error sending success after final data report chunk [peer-unresponsive] Peer is no longer responding to active session (timed out after 13.6s),,,0,false,false,false,,,,,1790318764066,,,,,,,,,Q3 measured on the same report
main,T026,Q5,d=25s,1,all,25,,1,60,1,63,35d8ec13,66,104,104.458,0.17.9,v26.3.0,500,300,4000,5,1.6,1.1,0.25,1,1790318804203,1790318804206,1790318829207,timer,5,1,true,true,5,1790318804277,1790318807196,1790318818456,14250,false,true,1790318829226,25020,19,4053,1790318804214,1790318829248,25034,8,0,,6559,INFO InteractionMessenger @1:1•4969⇵b529 Error sending success after final data report chunk [peer-unresponsive] Peer is no longer responding to active session (timed out after 13.7s),,,0,false,false,false,,,,,1790318801190,,,,,,,,,hold past the device's report give-up (~15 s); Q3 measured on the same report
main,T027,Q5,d=25s,2,all,25,,1,60,1,63,35d8ec13,66,104,104.458,0.17.9,v26.3.0,500,300,4000,5,1.6,1.1,0.25,1,1790318836358,1790318836362,1790318861361,timer,5,1,true,true,5,1790318836429,1790318839525,1790318850774,14412,false,true,1790318861373,25011,12,4055,1790318836374,1790318861391,25017,12,0,,6382,INFO InteractionMessenger @1:1•4969⇵b52b Error sending success after final data report chunk [peer-unresponsive] Peer is no longer responding to active session (timed out after 13.5s),,,0,false,false,false,,,,,1790318833342,,,,,,,,,hold past the device's report give-up (~15 s); Q3 measured on the same report
main,T028,Q5,d=25s,3,all,25,,1,60,1,63,35d8ec13,66,104,104.458,0.17.9,v26.3.0,500,300,4000,5,1.6,1.1,0.25,1,1790318868513,1790318868522,1790318893515,timer,5,1,true,true,5,1790318868586,1790318871546,1790318882797,14275,false,true,1790318893530,25008,15,4057,1790318868529,1790318893543,25014,7,0,,6342,INFO InteractionMessenger @1:1•4969⇵b52d Error sending success after final data report chunk [peer-unresponsive] Peer is no longer responding to active session (timed out after 13.5s),,,0,false,false,false,,,,,1790318865480,,,,,,,,,hold past the device's report give-up (~15 s); Q3 measured on the same report
main,T029,Q5,d=25s,4,all,25,,1,60,1,63,35d8ec13,66,104,104.458,0.17.9,v26.3.0,500,300,4000,5,1.6,1.1,0.25,1,1790318900637,1790318900638,1790318925645,timer,5,1,true,true,5,1790318900706,1790318903720,1790318914963,14325,false,true,1790318925659,25021,14,4059,1790318900647,1790318925670,25023,9,0,,6390,INFO InteractionMessenger @1:1•4969⇵b52f Error sending success after final data report chunk [peer-unresponsive] Peer is no longer responding to active session (timed out after 13.5s),,,0,false,false,false,,,,,1790318897628,,,,,,,,,hold past the device's report give-up (~15 s); Q3 measured on the same report
main,T030,Q5,d=25s,5,all,25,,1,60,1,63,35d8ec13,66,104,104.458,0.17.9,v26.3.0,500,300,4000,5,1.6,1.1,0.25,1,1790318932761,1790318932763,1790318957765,timer,5,1,true,true,5,1790318932820,1790318935893,1790318947133,14370,false,true,1790318957779,25016,14,4061,1790318932766,1790318957789,25023,3,0,,6517,INFO InteractionMessenger @1:1•4969⇵b531 Error sending success after final data report chunk [peer-unresponsive] Peer is no longer responding to active session (timed out after 13.6s),,,0,false,false,false,,,,,1790318929757,,,,,,,,,hold past the device's report give-up (~15 s); Q3 measured on the same report
main,T031,Q4,"mode=select,d=2s",1,select,2,1,1,60,1,63,35d8ec13,66,104,104.458,0.17.9,v26.3.0,500,300,4000,5,1.6,1.1,0.25,1,1790318964880,1790318964881,1790318966881,timer,4,1,true,true,4,1790318964944,1790318966263,,,false,true,1790318966893,2012,12,,,,,,0,,6452,INFO InteractionMessenger @1:1•4969⇵b533 Error sending success after final data report chunk [peer-unresponsive] Peer is no longer responding to active session (timed out after 13.5s),0,false,0,true,true,false,,,,,1790318961869,,,,,,,,,second toggle at +1009 ms; controller sequence (ms after first toggle): A:false@2012 A:true@2027 E:4063=false@2029 E:4064=true@2035
main,T032,Q4,"mode=select,d=10s",1,select,10,3,1,60,1,63,35d8ec13,66,104,104.458,0.17.9,v26.3.0,500,300,4000,5,1.6,1.1,0.25,1,1790318977915,1790318977916,1790318987917,timer,5,1,true,true,5,1790318977981,1790318981886,,,false,true,1790318987935,10019,18,,,,,,0,,,,0,false,0,true,true,false,,,,,1790318966911,,,,,,,,,second toggle at +3009 ms; controller sequence (ms after first toggle): A:false@10019 E:4065=false@10049 A:true@10059 E:4066=true@10065
main,T033,Q4,"mode=select,d=20s",1,select,20,3,1,60,1,63,35d8ec13,66,104,104.458,0.17.9,v26.3.0,500,300,4000,5,1.6,1.1,0.25,1,1790318998963,1790318998965,1790319018966,timer,5,1,true,true,5,1790318999027,1790319002834,1790319014086,15121,false,true,1790319018983,20018,17,,,,,,0,,,,1,true,2,true,true,false,38153,true,1,4067x3 4068x2,1790318987976,,,,,,,,,second toggle at +3009 ms; controller sequence (ms after first toggle): E:4067=false@15158 E:4068=true@15164 A:false@20018 E:4067=false@20020 A:true@56219 E:4067=false@56230 E:4068=true@56230
main,T034,Q4,"mode=all,d=20s",1,all,20,3,1,60,1,63,35d8ec13,66,104,104.458,0.17.9,v26.3.0,500,300,4000,5,1.6,1.1,0.25,1,1790319060139,1790319060140,1790319080140,timer,10,2,true,true,5,1790319060201,1790319063930,1790319075169,15029,false,true,1790319080154,20014,14,,,,,,0,,,,0,false,0,true,true,false,,,,4069x2,1790319055197,,,,,,,,,second toggle at +3009 ms; controller sequence (ms after first toggle): A:false@20014 A:true@20015 E:4069=false@20037 E:4069=false@20037 E:4070=true@20043
main,T035,Q4,"mode=select,d=2s",2,select,2,1,1,60,1,63,35d8ec13,66,104,104.458,0.17.9,v26.3.0,500,300,4000,5,1.6,1.1,0.25,1,1790319091178,1790319091178,1790319093179,timer,3,1,true,true,3,1790319091244,1790319092376,,,false,true,1790319093188,2010,9,,,,,,0,,2458,INFO InteractionMessenger @1:1•4969⇵b53c Error sending success after final data report chunk [peer-unresponsive] Peer is no longer responding to active session (timed out after 13.5s),0,false,0,true,true,false,,,,,1790319082390,,,,,,,,,second toggle at +1013 ms; controller sequence (ms after first toggle): A:false@2010 E:4069=false@2013 E:4070=true@2013 A:true@2022 E:4071=false@2024 E:4072=true@2032
main,T036,Q4,"mode=select,d=10s",2,select,10,3,1,60,1,63,35d8ec13,66,104,104.458,0.17.9,v26.3.0,500,300,4000,5,1.6,1.1,0.25,1,1790319104215,1790319104217,1790319114217,timer,5,1,true,true,5,1790319104279,1790319108051,,,false,true,1790319114236,10019,19,,,,,,0,,,,0,false,0,true,true,false,,,,,1790319093204,,,,,,,,,second toggle at +3009 ms; controller sequence (ms after first toggle): A:false@10019 E:4073=false@10034 A:true@10052 E:4074=true@10061
main,T037,Q4,"mode=select,d=20s",2,select,20,3,1,60,1,63,35d8ec13,66,104,104.458,0.17.9,v26.3.0,500,300,4000,5,1.6,1.1,0.25,1,1790319125252,1790319125253,1790319145254,timer,5,1,true,true,5,1790319125324,1790319129351,1790319140596,15343,false,true,1790319145271,20018,17,,,,,,0,,,,1,true,2,true,true,false,38150,true,1,4075x3 4076x2,1790319114273,,,,,,,,,second toggle at +3020 ms; controller sequence (ms after first toggle): E:4075=false@15387 E:4076=true@15395 A:false@20018 E:4075=false@20020 A:true@56220 E:4075=false@56222 E:4076=true@56222
main,T038,Q4,"mode=all,d=20s",2,all,20,3,1,60,1,63,35d8ec13,66,104,104.458,0.17.9,v26.3.0,500,300,4000,5,1.6,1.1,0.25,1,1790319186419,1790319186420,1790319206421,timer,10,2,true,true,5,1790319186483,1790319190266,1790319201505,15085,false,true,1790319206442,20022,21,,,,,,0,,,,0,false,0,true,true,false,,,,4077x2,1790319181482,,,,,,,,,second toggle at +3009 ms; controller sequence (ms after first toggle): A:false@20022 A:true@20022 E:4077=false@20041 E:4077=false@20042 E:4078=true@20049
main,T039,Q4,"mode=select,d=2s",3,select,2,1,1,60,1,63,35d8ec13,66,104,104.458,0.17.9,v26.3.0,500,300,4000,5,1.6,1.1,0.25,1,1790319217472,1790319217474,1790319219472,timer,3,1,true,true,3,1790319217539,1790319218723,,,false,true,1790319219488,2014,16,,,,,,0,,2485,INFO InteractionMessenger @1:1•4969⇵b545 Error sending success after final data report chunk [peer-unresponsive] Peer is no longer responding to active session (timed out after 13.5s),0,false,0,true,true,false,,,,,1790319208736,,,,,,,,,second toggle at +1017 ms; controller sequence (ms after first toggle): A:false@2014 E:4077=false@2017 E:4078=true@2017 A:true@2022 E:4079=false@2028 E:4080=true@2033
main,T040,Q4,"mode=select,d=10s",3,select,10,3,1,60,1,63,35d8ec13,66,104,104.458,0.17.9,v26.3.0,500,300,4000,5,1.6,1.1,0.25,1,1790319230502,1790319230503,1790319240505,timer,5,1,true,true,5,1790319230562,1790319234306,,,false,true,1790319240530,10027,25,,,,,,0,,,,0,false,0,true,true,false,,,,,1790319219503,,,,,,,,,second toggle at +3006 ms; controller sequence (ms after first toggle): A:false@10027 E:4081=false@10043 A:true@10053 E:4082=true@10060
main,T041,Q4,"mode=select,d=20s",3,select,20,3,1,60,1,63,35d8ec13,66,104,104.458,0.17.9,v26.3.0,500,300,4000,5,1.6,1.1,0.25,1,1790319251555,1790319251556,1790319271558,timer,5,1,true,true,5,1790319251619,1790319255459,1790319266701,15145,false,true,1790319271571,20015,13,,,,,,0,,,,1,true,2,true,true,false,38100,true,1,4083x3 4084x2,1790319240557,,,,,,,,,second toggle at +3012 ms; controller sequence (ms after first toggle): E:4083=false@15185 E:4084=true@15194 A:false@20015 E:4083=false@20018 A:true@56208 E:4083=false@56212 E:4084=true@56212
main,T042,Q4,"mode=all,d=20s",3,all,20,3,1,60,1,63,35d8ec13,66,104,104.458,0.17.9,v26.3.0,500,300,4000,5,1.6,1.1,0.25,1,1790319312666,1790319312666,1790319332667,timer,10,2,true,true,5,1790319312727,1790319316525,1790319327771,15105,false,true,1790319332681,20015,14,,,,,,0,,,,0,false,0,true,true,false,,,,4085x2,1790319307770,,,,,,,,,second toggle at +3005 ms; controller sequence (ms after first toggle): A:false@20015 A:true@20016 E:4085=false@20032 E:4085=false@20032 E:4086=true@20039
main,T043,Q4,"mode=select,d=2s",4,select,2,1,1,60,1,63,35d8ec13,66,104,104.458,0.17.9,v26.3.0,500,300,4000,5,1.6,1.1,0.25,1,1790319343698,1790319343698,1790319345700,timer,3,1,true,true,3,1790319343764,1790319345023,,,false,true,1790319345720,2022,20,,,,,,0,,2498,INFO InteractionMessenger @1:1•4969⇵b54e Error sending success after final data report chunk [peer-unresponsive] Peer is no longer responding to active session (timed out after 13.5s),0,false,0,true,true,false,,,,,1790319334961,,,,,,,,,second toggle at +1010 ms; controller sequence (ms after first toggle): A:false@2022 E:4085=false@2027 E:4086=true@2027 A:true@2039 E:4087=false@2042 E:4088=true@2051
main,T044,Q4,"mode=select,d=10s",4,select,10,3,1,60,1,63,35d8ec13,66,104,104.458,0.17.9,v26.3.0,500,300,4000,5,1.6,1.1,0.25,1,1790319356742,1790319356744,1790319366744,timer,5,1,true,true,5,1790319356808,1790319360643,,,false,true,1790319366759,10015,15,,,,,,0,,,,0,false,0,true,true,false,,,,,1790319345742,,,,,,,,,second toggle at +3011 ms; controller sequence (ms after first toggle): A:false@10015 A:true@10029 E:4089=false@10032 E:4090=true@10036
main,T045,Q4,"mode=select,d=20s",4,select,20,3,1,60,1,63,35d8ec13,66,104,104.458,0.17.9,v26.3.0,500,300,4000,5,1.6,1.1,0.25,1,1790319377784,1790319377785,1790319397787,timer,5,1,true,true,5,1790319377846,1790319381474,1790319392711,14926,false,true,1790319397808,20023,21,,,,,,0,,,,1,true,2,true,true,false,38077,true,1,4091x3 4092x2,1790319366775,,,,,,,,,second toggle at +3007 ms; controller sequence (ms after first toggle): E:4091=false@14958 E:4092=true@14963 A:false@20023 E:4091=false@20025 A:true@56208 E:4091=false@56210 E:4092=true@56210
main,T046,Q4,"mode=all,d=20s",4,all,20,3,1,60,1,63,35d8ec13,66,104,104.458,0.17.9,v26.3.0,500,300,4000,5,1.6,1.1,0.25,1,1790319438879,1790319438880,1790319458881,timer,10,2,true,true,5,1790319438952,1790319442572,1790319453824,14944,false,true,1790319458891,20011,10,,,,,,0,,,,0,false,0,true,true,false,,,,4093x2,1790319433997,,,,,,,,,second toggle at +3021 ms; controller sequence (ms after first toggle): A:false@20011 A:true@20012 E:4093=false@20026 E:4093=false@20026 E:4094=true@20032
main,T047,Q4,"mode=select,d=2s",5,select,2,1,1,60,1,63,35d8ec13,66,104,104.458,0.17.9,v26.3.0,500,300,4000,5,1.6,1.1,0.25,1,1790319469901,1790319469902,1790319471904,timer,3,1,true,true,3,1790319469970,1790319471251,,,false,true,1790319471914,2012,10,,,,,,0,,2460,INFO InteractionMessenger @1:1•4969⇵b557 Error sending success after final data report chunk [peer-unresponsive] Peer is no longer responding to active session (timed out after 13.5s),0,false,0,true,true,false,,,,,1790319461140,,,,,,,,,second toggle at +1013 ms; controller sequence (ms after first toggle): A:false@2012 E:4093=false@2017 E:4094=true@2017 A:true@2025 E:4095=false@2032 E:4096=true@2037
main,T048,Q4,"mode=select,d=10s",5,select,10,3,1,60,1,63,35d8ec13,66,104,104.458,0.17.9,v26.3.0,500,300,4000,5,1.6,1.1,0.25,1,1790319482931,1790319482932,1790319492933,timer,5,1,true,true,5,1790319483006,1790319486758,,,false,true,1790319492939,10007,6,,,,,,0,,,,0,false,0,true,true,false,,,,,1790319471931,,,,,,,,,second toggle at +3010 ms; controller sequence (ms after first toggle): A:false@10007 A:true@10012 E:4097=false@10015 E:4098=true@10021
main,T049,Q4,"mode=select,d=20s",5,select,20,3,1,60,1,63,35d8ec13,66,104,104.458,0.17.9,v26.3.0,500,300,4000,5,1.6,1.1,0.25,1,1790319503959,1790319503959,1790319523962,timer,5,1,true,true,5,1790319504015,1790319507781,1790319519021,15062,false,true,1790319523983,20024,21,,,,,,0,,,,1,true,2,true,true,false,38099,true,1,4099x3 4100x2,1790319492945,,,,,,,,,second toggle at +3002 ms; controller sequence (ms after first toggle): E:4099=false@15100 E:4100=true@15106 A:false@20024 E:4099=false@20031 A:true@56199 E:4099=false@56202 E:4100=true@56203
main,T050,Q4,"mode=all,d=20s",5,all,20,3,1,60,1,63,35d8ec13,66,104,104.458,0.17.9,v26.3.0,500,300,4000,5,1.6,1.1,0.25,1,1790319565072,1790319565074,1790319585075,timer,10,2,true,true,5,1790319565136,1790319569126,1790319580369,15295,false,true,1790319585091,20017,16,,,,,,0,,,,0,false,0,true,true,false,,,,4101x2,1790319560163,,,,,,,,,second toggle at +3008 ms; controller sequence (ms after first toggle): A:false@20017 A:true@20018 E:4101=false@20027 E:4101=false@20028 E:4102=true@20033
main,T051,Q2,maxCeiling=10s,1,all,until_lost,,1,10,1,18,35d8ec14,21,59.5,59.458,0.17.9,v26.3.0,500,300,4000,5,1.6,1.1,0.25,1,1790319598806,1790319599809,1790319657287,lost,15,3,true,true,5,1790319599869,1790319602202,1790319613440,13631,true,true,1790319657336,57527,49,,,,,,0,,,,,,,true,true,false,,,,,1790319597810,1790319657287,58481,59477,timeout_log,1790319657336,49,58530,resubscribe_priming,
main,T052,Q2,maxCeiling=10s,2,all,until_lost,,1,10,1,18,35d8ec15,21,59.5,59.458,0.17.9,v26.3.0,500,300,4000,5,1.6,1.1,0.25,1,1790319684439,1790319685440,1790319742920,lost,15,3,true,true,5,1790319685493,1790319687687,1790319698928,13488,true,true,1790319742951,57511,31,,,,,,0,,,,,,,true,true,false,,,,,1790319683447,1790319742919,58480,59472,timeout_log,1790319742951,31,58512,resubscribe_priming,
main,T053,Q2,maxCeiling=10s,3,all,until_lost,,1,10,1,18,35d8ec16,25,63,63.458,0.17.9,v26.3.0,500,300,4000,5,1.6,1.1,0.25,1,1790319770054,1790319771057,1790319832538,lost,15,3,true,true,5,1790319771112,1790319773581,1790319784822,13765,true,true,1790319832620,61563,82,,,,,,0,,,,,,,true,true,false,,,,,1790319769060,1790319832538,62484,63478,timeout_log,1790319832620,82,62566,resubscribe_priming,
main,T054,Q2,maxCeiling=10s,4,all,until_lost,,1,10,1,18,35d8ec17,24,62,62.458,0.17.9,v26.3.0,500,300,4000,5,1.6,1.1,0.25,1,1790319859771,1790319860775,1790319921257,lost,15,3,true,true,5,1790319860835,1790319863135,1790319874380,13605,true,true,1790319921312,60537,55,,,,,,0,,,,,,,true,true,false,,,,,1790319858775,1790319921256,61485,62481,timeout_log,1790319921312,55,61541,resubscribe_priming,
main,T055,Q2,maxCeiling=10s,5,all,until_lost,,1,10,1,18,35d8ec18,25,63,63.458,0.17.9,v26.3.0,500,300,4000,5,1.6,1.1,0.25,1,1790319948425,1790319949434,1790320010911,lost,15,3,true,true,5,1790319949492,1790319951752,1790319963001,13567,true,true,1790320010963,61529,52,,,,,,0,,,,,,,true,true,false,,,,,1790319947430,1790320010910,62485,63480,timeout_log,1790320010963,52,62538,resubscribe_priming,
main,T056,Q2,maxCeiling=60s,1,all,until_lost,,1,60,1,60,35d8ec1a,69,107,107.458,0.17.9,v26.3.0,500,300,4000,5,1.6,1.1,0.25,1,1790320039614,1790320040617,1790320146092,lost,10,2,true,true,5,1790320040670,1790320042932,1790320054174,13557,false,true,1790320146176,105559,84,,,,,,0,,,,,,,true,true,false,,,,,1790320038639,1790320146092,106478,107453,timeout_log,1790320146176,84,106562,resubscribe_priming,
main,T057,Q2,maxCeiling=60s,2,all,until_lost,,1,60,1,60,35d8ec1b,61,99,99.458,0.17.9,v26.3.0,500,300,4000,5,1.6,1.1,0.25,1,1790320173273,1790320174285,1790320271753,lost,10,2,true,true,5,1790320174345,1790320176723,1790320187964,13679,false,true,1790320271794,97509,41,,,,,,0,,,,,,,true,true,false,,,,,1790320172278,1790320271752,98479,99474,timeout_log,1790320271794,41,98521,resubscribe_priming,
main,T058,Q2,maxCeiling=60s,3,all,until_lost,,1,60,1,60,35d8ec1c,64,102,102.458,0.17.9,v26.3.0,500,300,4000,5,1.6,1.1,0.25,1,1790320298896,1790320299900,1790320400381,lost,10,2,true,true,5,1790320299962,1790320302115,1790320313360,13460,false,true,1790320400410,100510,29,,,,,,0,,,,,,,true,true,false,,,,,1790320297902,1790320400380,101484,102478,timeout_log,1790320400410,29,101514,resubscribe_priming,
main,T059,Q2,maxCeiling=60s,4,all,until_lost,,1,60,1,60,35d8ec1d,64,102,102.458,0.17.9,v26.3.0,500,300,4000,5,1.6,1.1,0.25,1,1790320427520,1790320428525,1790320529001,lost,10,2,true,true,5,1790320428592,1790320430993,1790320442232,13707,false,true,1790320529032,100507,31,,,,,,0,,,,,,,true,true,false,,,,,1790320426526,1790320529001,101481,102475,timeout_log,1790320529032,31,101512,resubscribe_priming,
main,T060,Q2,maxCeiling=60s,5,all,until_lost,,1,60,1,60,35d8ec1e,62,100,100.458,0.17.9,v26.3.0,500,300,4000,5,1.6,1.1,0.25,1,1790320556128,1790320557132,1790320655598,lost,10,2,true,true,5,1790320557199,1790320559403,1790320570649,13517,false,true,1790320655647,98515,49,,,,,,0,,,,,,,true,true,false,,,,,1790320555130,1790320655597,99469,100467,timeout_log,1790320655647,49,99519,resubscribe_priming,
