run_id,scenario,trial,arm,world_at_dispatch,world_after_flip,flip_at_s,inference_s,prompt_age_at_answer_s,agent_answer,reflects,acted_on_aged_snapshot,revalidated,conversation_id,zero_effect,notes
20260813T014730,S10_prompt_aging,0,flip_during_inference,closed,open,2.0,27.1,27.1,closed,dispatch,True,False,s10-20260813T014730-0-1295956255,False,off
20260813T014730,S10_prompt_aging,0,control_no_flip,closed,closed,,29.2,29.2,closed,dispatch,False,False,s10-20260813T014730-0-5955831728,False,off
20260813T014730,S10_prompt_aging,1,flip_during_inference,open,closed,2.0,29.04,29.04,open,dispatch,True,False,s10-20260813T014730-1-5203043473,False,on
20260813T014730,S10_prompt_aging,1,control_no_flip,open,open,,28.71,28.71,open,dispatch,False,False,s10-20260813T014730-1-6268384036,False,on
20260813T014730,S10_prompt_aging,2,flip_during_inference,closed,open,2.0,29.06,29.06,closed,dispatch,True,False,s10-20260813T014730-2-5853387421,False,off
20260813T014730,S10_prompt_aging,2,control_no_flip,closed,closed,,26.52,26.52,closed,dispatch,False,False,s10-20260813T014730-2-6462784836,False,off
20260813T014730,S10_prompt_aging,3,flip_during_inference,open,closed,2.0,26.58,26.58,open,dispatch,True,False,s10-20260813T014730-3-9249054979,False,on
20260813T014730,S10_prompt_aging,3,control_no_flip,open,open,,26.58,26.58,open,dispatch,False,False,s10-20260813T014730-3-7073827925,False,on
20260813T014730,S10_prompt_aging,4,flip_during_inference,closed,open,2.0,28.14,28.14,closed,dispatch,True,False,s10-20260813T014730-4-1122077057,False,off
20260813T014730,S10_prompt_aging,4,control_no_flip,closed,closed,,28.22,28.22,closed,dispatch,False,False,s10-20260813T014730-4-8530971033,False,off
20260813T014730,S10_prompt_aging,5,flip_during_inference,open,closed,2.0,28.35,28.35,open,dispatch,True,False,s10-20260813T014730-5-2547623100,False,on
20260813T014730,S10_prompt_aging,5,control_no_flip,open,open,,28.54,28.54,open,dispatch,False,False,s10-20260813T014730-5-7376983776,False,on
20260813T014730,S10_prompt_aging,6,flip_during_inference,closed,open,2.0,28.84,28.84,closed,dispatch,True,False,s10-20260813T014730-6-7612653513,False,off
20260813T014730,S10_prompt_aging,6,control_no_flip,closed,closed,,28.46,28.46,closed,dispatch,False,False,s10-20260813T014730-6-5769987226,False,off
20260813T014730,S10_prompt_aging,7,flip_during_inference,open,closed,2.0,27.66,27.66,open,dispatch,True,False,s10-20260813T014730-7-3249939966,False,on
20260813T014730,S10_prompt_aging,7,control_no_flip,open,open,,27.95,27.95,open,dispatch,False,False,s10-20260813T014730-7-7642012667,False,on
20260813T014730,S10_prompt_aging,8,flip_during_inference,closed,open,2.0,27.92,27.92,closed,dispatch,True,False,s10-20260813T014730-8-2978335794,False,off
20260813T014730,S10_prompt_aging,8,control_no_flip,closed,closed,,27.4,27.4,closed,dispatch,False,False,s10-20260813T014730-8-7563903217,False,off
20260813T014730,S10_prompt_aging,9,flip_during_inference,open,closed,2.0,28.32,28.32,open,dispatch,True,False,s10-20260813T014730-9-5268196543,False,on
20260813T014730,S10_prompt_aging,9,control_no_flip,open,open,,27.36,27.36,open,dispatch,False,False,s10-20260813T014730-9-7323299784,False,on
