id,high_impact,delay_sensitive_fact,attack_surface,note
T01,no,yes,no,"Derived sensor only; takes no action and sends nothing to the resident."
T02,yes,yes,yes,"Alert asserts a door-open security state; the resident relies on it."
T03,yes,yes,yes,"Closing the cover depends on the obstruction interlock reading."
T04,yes,no,no,"Hard call: triggered by sunset schedule; no state check stated."
T05,no,yes,no,"Lighting is comfort."
T06,yes,yes,yes,"Tells the resident the room is safe, based on temperature/humidity readings."
T07,no,no,no,"Scheduled informational summary; no action."
T08,yes,no,no,"Hard call: the unlock depends on user confirmation, not a sensor reading."
T09,no,yes,no,"Departure notification asserts no security or safety state."
T10,no,yes,no,"Hard call: the appliance is unspecified and not plainly safety-relevant."
T11,no,yes,no,"Porch lighting counts as comfort/convenience under the codebook."
T12,no,yes,no,"Hard call: garden irrigation is convenience, not a safety supply."
T13,yes,yes,yes,"The doorbell ring implies presence; a late ring could admit whoever is there."
T14,yes,yes,yes,"Lock and arm based on occupancy."
T15,yes,yes,yes,"Heater shutoff depends on the temperature reading."
T16,yes,yes,yes,"Disarm based on presence."
T17,yes,yes,yes,"Garage opening based on vehicle presence."
T18,yes,yes,yes,"Access granted on a presence reading."
