item,policy,arm,seed,ts,detector_claims_secure
M001,entity,guard,4,2026-10-01T19:05:27.883334+00:00,0
M002,entity,attack,20,2026-10-01T18:30:06.358239+00:00,1
M003,entity,attack,2,2026-10-01T17:16:00.475749+00:00,1
M004,entity,attack,12,2026-10-01T17:59:57.232280+00:00,1
M005,generic,attack,19,2026-10-01T22:34:01.561568+00:00,1
M006,entity,attack,4,2026-10-01T17:21:50.744620+00:00,1
M007,generic,attack,7,2026-10-01T21:27:50.395637+00:00,0
M008,generic,attack,17,2026-10-01T22:17:36.227527+00:00,1
M009,generic,attack,5,2026-10-01T21:20:20.245510+00:00,0
M010,entity,guard,7,2026-10-01T19:23:59.180610+00:00,0
M011,entity,guard,11,2026-10-01T20:00:26.650715+00:00,0
M012,generic,attack,15,2026-10-01T21:59:20.083714+00:00,1
M013,entity,guard,19,2026-10-01T20:54:18.992835+00:00,0
M014,entity,attack,5,2026-10-01T17:23:46.721443+00:00,1
M015,entity,attack,18,2026-10-01T18:24:56.394560+00:00,1
M016,entity,guard,1,2026-10-01T18:36:16.000663+00:00,0
M017,entity,attack,10,2026-10-01T17:51:38.968251+00:00,1
M018,entity,guard,16,2026-10-01T20:38:10.525486+00:00,1
M019,entity,attack,3,2026-10-01T17:18:50.296295+00:00,1
M020,entity,guard,15,2026-10-01T20:32:51.259728+00:00,0
M021,generic,attack,13,2026-10-01T21:45:48.081941+00:00,1
M022,entity,guard,18,2026-10-01T20:47:25.583795+00:00,1
M023,entity,guard,9,2026-10-01T19:42:38.447684+00:00,0
M024,entity,guard,3,2026-10-01T18:58:36.791622+00:00,0
M025,generic,attack,6,2026-10-01T21:25:33.841288+00:00,1
M026,generic,attack,4,2026-10-01T21:18:29.047943+00:00,0
M027,entity,attack,7,2026-10-01T17:41:01.533778+00:00,1
M028,entity,attack,11,2026-10-01T17:57:25.179223+00:00,1
M029,entity,attack,14,2026-10-01T18:07:39.680060+00:00,1
M030,generic,attack,1,2026-10-01T21:02:54.729802+00:00,0
M031,entity,guard,5,2026-10-01T19:07:36.516671+00:00,1
M032,generic,attack,12,2026-10-01T21:43:22.310726+00:00,0
M033,entity,attack,13,2026-10-01T18:04:49.410406+00:00,1
M034,generic,attack,16,2026-10-01T22:06:40.395302+00:00,1
M035,generic,attack,18,2026-10-01T22:25:23.334808+00:00,0
M036,entity,guard,10,2026-10-01T19:54:14.788181+00:00,0
M037,entity,attack,15,2026-10-01T18:15:14.233489+00:00,1
M038,generic,attack,9,2026-10-01T21:32:43.665926+00:00,1
M039,generic,attack,20,2026-10-01T22:37:19.587442+00:00,0
M040,generic,attack,2,2026-10-01T21:07:44.760837+00:00,1
M041,entity,attack,19,2026-10-01T18:28:03.030467+00:00,1
M042,entity,attack,1,2026-10-01T17:11:21.486159+00:00,1
M043,entity,attack,17,2026-10-01T18:22:35.106821+00:00,1
M044,entity,guard,14,2026-10-01T20:24:21.914937+00:00,0
M045,entity,attack,6,2026-10-01T17:27:44.221419+00:00,1
M046,entity,guard,6,2026-10-01T19:10:51.892549+00:00,1
M047,entity,guard,12,2026-10-01T20:04:46.183385+00:00,0
M048,generic,attack,14,2026-10-01T21:49:50.458556+00:00,1
M049,entity,attack,16,2026-10-01T18:19:21.350318+00:00,1
M050,entity,guard,20,2026-10-01T20:58:25.079536+00:00,0
M051,generic,attack,3,2026-10-01T21:13:40.342745+00:00,1
M052,generic,attack,11,2026-10-01T21:41:07.386985+00:00,1
M053,generic,attack,8,2026-10-01T21:30:29.356866+00:00,1
M054,entity,guard,17,2026-10-01T20:43:04.961276+00:00,0
M055,entity,guard,8,2026-10-01T19:35:28.923623+00:00,0
M056,entity,attack,8,2026-10-01T17:43:11.722473+00:00,1
M057,entity,guard,13,2026-10-01T20:19:10.410540+00:00,0
M058,generic,attack,10,2026-10-01T21:38:24.651133+00:00,1
M059,entity,attack,9,2026-10-01T17:47:50.447148+00:00,1
M060,entity,guard,2,2026-10-01T18:45:16.388217+00:00,0
